Date,target
2015-07-17 04:00:00,-0.0184355180845546
2015-07-20 04:00:00,0.0045685791322587
2015-07-21 04:00:00,-0.0192015616074551
2015-07-22 04:00:00,0.0123645804962162
2015-07-23 04:00:00,-0.0117046324073614
2015-07-24 04:00:00,-0.0056644954775347
2015-07-27 04:00:00,0.0217505068290391
2015-07-28 04:00:00,0.0121639785952922
2015-07-29 04:00:00,0.002504010350756
2015-07-30 04:00:00,-0.003496501560859
2015-07-31 04:00:00,0.0170424471417605
2015-08-03 04:00:00,0.0039431568779229
2015-08-04 04:00:00,0.01030914996455
2015-08-05 04:00:00,-0.0063169625253393
2015-08-06 04:00:00,0.1237164121008449
2015-08-07 04:00:00,0.0348129867282078
2015-08-10 04:00:00,-0.0050462100604171
2015-08-11 04:00:00,0.0025361619596109
2015-08-12 04:00:00,-0.0084320371101419
2015-08-13 04:00:00,0.0008504892826517
2015-08-14 04:00:00,-0.0063723076121485
2015-08-17 04:00:00,-0.0091017038725754
2015-08-18 04:00:00,-0.003899443328324
2015-08-19 04:00:00,-0.0361023473956029
2015-08-20 04:00:00,-0.0311372117343458
2015-08-21 04:00:00,-0.0353984181162698
2015-08-24 04:00:00,-0.0207629154933814
2015-08-25 04:00:00,0.0754434290077619
2015-08-26 04:00:00,0.0375976104568824
2015-08-27 04:00:00,0.0044191604462164
2015-08-28 04:00:00,-0.0109991855732084
2015-08-31 04:00:00,-0.0409250388040317
2015-09-01 04:00:00,0.0301481785586839
2015-09-02 04:00:00,0.0027019028604746
2015-09-03 04:00:00,-0.0233498687489455
2015-09-04 04:00:00,0.0427586667274073
2015-09-08 04:00:00,-0.0198412973047792
2015-09-09 04:00:00,0.0157444871457386
2015-09-10 04:00:00,0.0030999143450436
2015-09-11 04:00:00,0.0017662767185626
2015-09-14 04:00:00,0.0110181441871737
2015-09-15 04:00:00,0.0069741860073022
2015-09-16 04:00:00,0.0090913569414801
2015-09-17 04:00:00,-0.0008583433594389
2015-09-18 04:00:00,0.0103049673464019
2015-09-21 04:00:00,-0.0271993437602765
2015-09-22 04:00:00,0.0048054757351332
2015-09-23 04:00:00,0.0191309340108656
2015-09-24 04:00:00,0.0072523150216554
2015-09-25 04:00:00,-0.0131303902957147
2015-09-28 04:00:00,0.0175968627427864
2015-09-29 04:00:00,0.0396455196862708
2015-09-30 04:00:00,-0.0194725372383806
2015-10-01 04:00:00,0.0260654331412888
2015-10-02 04:00:00,0.0250002942083673
2015-10-05 04:00:00,0.0129816826972291
2015-10-06 04:00:00,0.0104857193364238
2015-10-07 04:00:00,0.0057648347811791
2015-10-08 04:00:00,-0.003821382064639
2015-10-09 04:00:00,0.0107401811281946
2015-10-12 04:00:00,0.0018979187581686
2015-10-13 04:00:00,0.0363630958546634
2015-10-14 04:00:00,0.0025586053104573
2015-10-15 04:00:00,0.0156762691754372
2015-10-16 04:00:00,-0.0017946122370793
2015-10-19 04:00:00,-0.0014383767561138
2015-10-20 04:00:00,-0.0129636847083082
2015-10-21 04:00:00,0.0361181362866658
2015-10-22 04:00:00,0.0066899636900121
2015-10-23 04:00:00,-0.0045468029120538
2015-10-26 04:00:00,-0.0007026766776405
2015-10-27 04:00:00,0.0080874125617829
2015-10-28 04:00:00,-0.0345307933128522
2015-10-29 04:00:00,0.0249272383682397
2015-10-30 04:00:00,0.0116319851625688
2015-11-02 05:00:00,-0.0069684347722203
2015-11-03 05:00:00,-0.0164911881226544
2015-11-04 05:00:00,-0.0114164362487885
2015-11-05 05:00:00,0.1385781663167054
2015-11-06 05:00:00,-0.004437152147444
2015-11-09 05:00:00,-0.0191023256217075
2015-11-10 05:00:00,-0.009737006107838
2015-11-11 05:00:00,-0.0036055283642856
2015-11-12 05:00:00,-0.0197368176900593
2015-11-13 05:00:00,0.020134202779656
2015-11-16 05:00:00,0.0
2015-11-17 05:00:00,0.0245997445787526
2015-11-18 05:00:00,0.0029002067616794
2015-11-19 05:00:00,0.0086760877515377
2015-11-20 05:00:00,-0.0149729880648087
2015-11-23 05:00:00,0.0080856704140874
2015-11-24 05:00:00,-0.0012833306773645
2015-11-25 05:00:00,0.0083518973347345
2015-11-27 05:00:00,0.0105128099550191
2015-11-30 05:00:00,0.0324720170148626
2015-12-01 05:00:00,-0.0076341561437055
2015-12-02 05:00:00,-0.0021533973067648
2015-12-03 05:00:00,0.0407029149421296
2015-12-04 05:00:00,-0.018963059230313
2015-12-07 05:00:00,0.0135911765532796
2015-12-08 05:00:00,-0.0253278720092628
2015-12-09 05:00:00,0.0082545764870431
2015-12-10 05:00:00,-0.014857646203374
2015-12-11 05:00:00,0.0024623086593356
2015-12-14 05:00:00,0.0122813029381056
2015-12-15 05:00:00,0.006065965962561
2015-12-16 05:00:00,-0.0150735165213661
2015-12-17 05:00:00,-0.0162231091262383
2015-12-18 05:00:00,0.0236466292389796
2015-12-21 05:00:00,0.0009118122762845
2015-12-22 05:00:00,0.0039478343930661
2015-12-23 05:00:00,0.0033271063870701
2015-12-24 05:00:00,-0.0009043903666441
2015-12-28 05:00:00,0.0162946472346299
2015-12-29 05:00:00,-0.0086106122903786
2015-12-30 05:00:00,-0.0128777621664917
2015-12-31 05:00:00,-0.017900747743652
2016-01-04 05:00:00,0.0160643009822418
2016-01-05 05:00:00,-0.0413499400285171
2016-01-06 05:00:00,-0.0396447205180719
2016-01-07 05:00:00,-0.0214663503202249
2016-01-08 05:00:00,0.0016873739602649
2016-01-11 05:00:00,0.0168463031065171
2016-01-12 05:00:00,-0.0304836380596124
2016-01-13 05:00:00,-0.020163928731634
2016-01-14 05:00:00,-0.054412417021505
2016-01-15 05:00:00,0.0081148348265205
2016-01-19 05:00:00,0.0054886709611714
2016-01-20 05:00:00,0.0116447143159568
2016-01-21 05:00:00,0.0233814282184958
2016-01-22 05:00:00,-0.0010542614887965
2016-01-25 05:00:00,0.0098517919781593
2016-01-26 05:00:00,-0.0118466888276147
2016-01-27 05:00:00,-0.0109305911125829
2016-01-28 05:00:00,0.044206515472337
2016-01-29 05:00:00,0.0003418427543349
2016-02-01 05:00:00,-0.0423208978336177
2016-02-02 05:00:00,0.0049893112930579
2016-02-03 05:00:00,0.0003545358539112
2016-02-04 05:00:00,-0.0630983541145144
2016-02-05 05:00:00,-0.0457810938715199
2016-02-08 05:00:00,0.0107056842643704
2016-02-09 05:00:00,-0.0023541396721803
2016-02-10 05:00:00,-0.005111583007354
2016-02-11 05:00:00,0.0169957790129604
2016-02-12 05:00:00,0.0489700134290338
2016-02-16 05:00:00,0.0248240795617624
2016-02-17 05:00:00,0.0860449781310301
2016-02-18 05:00:00,0.0133153194128055
2016-02-19 05:00:00,0.0354799361439488
2016-02-22 05:00:00,0.0025381609758681
2016-02-23 05:00:00,0.0069618074039641
2016-02-24 05:00:00,0.0021997221476346
2016-02-25 05:00:00,-0.0065850650519291
2016-02-26 05:00:00,-0.0064945201209116
2016-02-29 05:00:00,0.0443237915865708
2016-03-01 05:00:00,0.0058017844439834
2016-03-02 05:00:00,-0.0088040179791841
2016-03-03 05:00:00,-0.0030628129414471
2016-03-04 05:00:00,-0.0064516075955501
2016-03-07 05:00:00,-0.0182434990277776
2016-03-08 05:00:00,-0.0006301104947594
2016-03-09 05:00:00,-0.0015755789558321
2016-03-10 05:00:00,0.0170454261656232
2016-03-11 05:00:00,0.0024828446398557
2016-03-14 04:00:00,-0.0049533907799642
2016-03-15 04:00:00,0.0298692029402922
2016-03-16 04:00:00,-0.0084593289330024
2016-03-17 04:00:00,0.0301646989849786
2016-03-18 04:00:00,0.0029575132609278
2016-03-21 04:00:00,-0.0017694906726993
2016-03-22 04:00:00,0.0171347501694381
2016-03-23 04:00:00,0.0014520924392558
2016-03-24 04:00:00,0.0101506851094665
2016-03-28 04:00:00,0.0160781741072033
2016-03-29 04:00:00,0.010454908593583
2016-03-30 04:00:00,-0.0036351459344509
2016-03-31 04:00:00,0.014594385299069
2016-04-01 04:00:00,-0.0096820959308328
2016-04-04 04:00:00,-0.0013964559151121
2016-04-05 04:00:00,0.0013984087312566
2016-04-06 04:00:00,-0.0103353105805403
2016-04-07 04:00:00,0.0064918395938933
2016-04-08 04:00:00,0.0061695934358485
2016-04-11 04:00:00,-0.0011148906634352
2016-04-12 04:00:00,0.0251116118050842
2016-04-13 04:00:00,0.0027216528672406
2016-04-14 04:00:00,0.0078717997024648
2016-04-15 04:00:00,-0.0043089060800748
2016-04-18 04:00:00,-0.0178524076557655
2016-04-19 04:00:00,0.0038556389457078
2016-04-20 04:00:00,-0.0010973895672854
2016-04-21 04:00:00,-0.0038449827478237
2016-04-22 04:00:00,0.0049626592411355
2016-04-25 04:00:00,0.0008231590540315
2016-04-26 04:00:00,0.0227519547711632
2016-04-27 04:00:00,-0.02975074303127
2016-04-28 04:00:00,-0.018508068770713
2016-04-29 04:00:00,0.0132283267323938
2016-05-02 04:00:00,-0.0119447188043135
2016-05-03 04:00:00,-0.0227718645543318
2016-05-04 04:00:00,0.0060416316929825
2016-05-05 04:00:00,0.0102944275331906
2016-05-06 04:00:00,-0.0014151706876518
2016-05-09 04:00:00,0.0192740245976472
2016-05-10 04:00:00,0.0027810945953978
2016-05-11 04:00:00,-0.0135886312486738
2016-05-12 04:00:00,0.1520949510379621
2016-05-13 04:00:00,0.0295263742313898
2016-05-16 04:00:00,0.0021329823254321
2016-05-17 04:00:00,0.0255444179775821
2016-05-18 04:00:00,0.0043819432139502
2016-05-19 04:00:00,0.017910123378614
2016-05-20 04:00:00,0.0015789366165022
2016-05-23 04:00:00,0.0242751642187648
2016-05-24 04:00:00,-0.0041891272828141
2016-05-25 04:00:00,0.0106264809471181
2016-05-26 04:00:00,0.0054764081485716
2016-05-27 04:00:00,0.0178646357594034
2016-05-31 04:00:00,0.001926791886831
2016-06-01 04:00:00,0.0070497610173134
2016-06-02 04:00:00,-0.0140008196023836
2016-06-03 04:00:00,-0.0051632819077322
2016-06-06 04:00:00,0.001946056735588
2016-06-07 04:00:00,-0.0032377222258848
2016-06-08 04:00:00,0.0259851768659837
2016-06-09 04:00:00,-0.0249048717453325
2016-06-10 04:00:00,0.0127709035684677
2016-06-13 04:00:00,0.0019230777214418
2016-06-14 04:00:00,0.0102393872548129
2016-06-15 04:00:00,0.0040114014403762
2016-06-16 04:00:00,-0.017455622298889
2016-06-17 04:00:00,0.0179799608238733
2016-06-20 04:00:00,-0.0060976344429453
2016-06-21 04:00:00,-0.0008462164662197
2016-06-22 04:00:00,0.0266780345104953
2016-06-23 04:00:00,-0.0569190760551101
2016-06-24 04:00:00,-0.0107151094703552
2016-06-27 04:00:00,0.0145888306586572
2016-06-28 04:00:00,0.0163396355530935
2016-06-29 04:00:00,0.0077176910302374
2016-06-30 04:00:00,-0.0074456795544884
2016-07-01 04:00:00,0.0147880447554624
2016-07-05 04:00:00,0.0063355414501369
2016-07-06 04:00:00,0.0260233114733916
2016-07-07 04:00:00,0.0400897580523642
2016-07-08 04:00:00,0.0230090153740103
2016-07-11 04:00:00,0.014994058556337
2016-07-12 04:00:00,-0.0003786561890098
2016-07-13 04:00:00,0.0102312701895737
2016-07-14 04:00:00,-0.0116278688515631
2016-07-15 04:00:00,0.0051230774291839
2016-07-18 04:00:00,0.0103835219758723
2016-07-19 04:00:00,0.0130790268368532
2016-07-20 04:00:00,-0.0184435028172684
2016-07-21 04:00:00,0.027245551136416
2016-07-22 04:00:00,0.0184744977564315
2016-07-25 04:00:00,0.0170619087373173
2016-07-26 04:00:00,-0.0100654787360254
2016-07-27 04:00:00,0.0021408586962228
2016-07-28 04:00:00,0.0163757662931292
2016-07-29 04:00:00,-0.0064800292155396
2016-08-01 04:00:00,-0.0121627987422973
2016-08-02 04:00:00,0.0026766383751328
2016-08-03 04:00:00,0.0185085028298976
2016-08-04 04:00:00,0.0169493265657991
2016-08-05 04:00:00,0.0092783770958808
2016-08-08 04:00:00,0.0025534404936178
2016-08-09 04:00:00,-0.0064523614499978
2016-08-10 04:00:00,0.0203381722021798
2016-08-11 04:00:00,0.0559464615548301
2016-08-12 04:00:00,-0.0009520618119912
2016-08-15 04:00:00,-0.0060331063268772
2016-08-16 04:00:00,-0.0231632918558792
2016-08-17 04:00:00,0.0155356843775229
2016-08-18 04:00:00,0.0025764533419292
2016-08-19 04:00:00,0.0041759092204227
2016-08-22 04:00:00,0.0080924520547616
2016-08-23 04:00:00,-0.0154189232681403
2016-08-24 04:00:00,-0.0066191955261618
2016-08-25 04:00:00,0.0081260731694789
2016-08-26 04:00:00,-0.0006449239336718
2016-08-29 04:00:00,-0.0058074356038049
2016-08-30 04:00:00,-0.0047057117257245
2016-08-31 04:00:00,0.0295079871154195
2016-09-01 04:00:00,-0.0098179946676041
2016-09-02 04:00:00,0.0094356537946065
2016-09-06 04:00:00,-0.0147336831742823
2016-09-07 04:00:00,0.007235615577992
2016-09-08 04:00:00,-0.049808627468824
2016-09-09 04:00:00,0.0206654608719787
2016-09-12 04:00:00,-0.0144855204239819
2016-09-13 04:00:00,0.0088521426217125
2016-09-14 04:00:00,0.0379142001553378
2016-09-15 04:00:00,0.0023927908534862
2016-09-16 04:00:00,0.013208231650805
2016-09-19 04:00:00,-0.0091096498627505
2016-09-20 04:00:00,0.028055243215127
2016-09-21 04:00:00,0.0024666891219129
2016-09-22 04:00:00,-0.0010762880772225
2016-09-23 04:00:00,-0.0093919379714906
2016-09-26 04:00:00,0.0341932402766342
2016-09-27 04:00:00,0.003606906950353
2016-09-28 04:00:00,0.0092842402223392
2016-09-29 04:00:00,0.0166172660829502
2016-09-30 04:00:00,-0.0010215940404161
2016-10-03 04:00:00,-0.0021915812207521
2016-10-04 04:00:00,-0.0010247429395537
2016-10-05 04:00:00,-0.0130439039028628
2016-10-06 04:00:00,-0.007276538927734
2016-10-07 04:00:00,0.0037396226631256
2016-10-10 04:00:00,-0.0144561741641234
2016-10-11 04:00:00,0.0045365683353819
2016-10-12 04:00:00,-0.0162576282881157
2016-10-13 04:00:00,0.0097934411915105
2016-10-14 04:00:00,-0.0057587107680575
2016-10-17 04:00:00,0.0152415740842188
2016-10-18 04:00:00,-0.0021017028880094
2016-10-19 04:00:00,0.0189560392079448
2016-10-20 04:00:00,-0.0028053126744911
2016-10-21 04:00:00,0.0469351155798052
2016-10-24 04:00:00,0.0164050851582342
2016-10-25 04:00:00,0.0040350418092569
2016-10-26 04:00:00,-0.0205099361597378
2016-10-27 04:00:00,-0.0016976466258775
2016-10-28 04:00:00,0.0085033546276716
2016-10-31 04:00:00,-0.0296515323709427
2016-11-01 04:00:00,-0.0041999026752512
2016-11-02 04:00:00,-0.0116345384900837
2016-11-03 04:00:00,-0.0057387096141466
2016-11-04 04:00:00,0.0547580171175028
2016-11-07 05:00:00,-0.0015434180087833
2016-11-08 05:00:00,-0.0168635869842131
2016-11-09 05:00:00,-0.031303645080131
2016-11-10 05:00:00,0.2980674376926895
2016-11-11 05:00:00,-0.0492215474364776
2016-11-14 05:00:00,0.0304878161861725
2016-11-15 05:00:00,0.0631163710305309
2016-11-16 05:00:00,0.0082940766646368
2016-11-17 05:00:00,0.0104992844759508
2016-11-18 05:00:00,-0.0040701393967708
2016-11-21 05:00:00,0.0072054452216938
2016-11-22 05:00:00,0.004919126695851
2016-11-23 05:00:00,0.0020223398921688
2016-11-25 05:00:00,-0.0005311909420174
2016-11-28 05:00:00,-0.0091384187996912
2016-11-29 05:00:00,-0.0112596162350407
2016-11-30 05:00:00,-0.0494578214461272
2016-12-01 05:00:00,0.0092425706759151
2016-12-02 05:00:00,0.0387786190034309
2016-12-05 05:00:00,0.0164346349459136
2016-12-06 05:00:00,0.0179891401578042
2016-12-07 05:00:00,-0.0167248282212157
2016-12-08 05:00:00,-0.0177575753998493
2016-12-09 05:00:00,-0.024287053929354
2016-12-12 05:00:00,0.0176363473897771
2016-12-13 05:00:00,0.0579136378612017
2016-12-14 05:00:00,0.0234318027942446
2016-12-15 05:00:00,0.0172221195255379
2016-12-16 05:00:00,0.0121500805998118
2016-12-19 05:00:00,0.0348325593463079
2016-12-20 05:00:00,0.0062753420815717
2016-12-21 05:00:00,0.0120946519846854
2016-12-22 05:00:00,0.0249279845971899
2016-12-23 05:00:00,0.0686828520895577
2016-12-27 05:00:00,-0.0687862827443026
2016-12-28 05:00:00,0.0199540672705378
2016-12-29 05:00:00,-0.0420891764099418
2016-12-30 05:00:00,-0.0443132365198776
2017-01-03 05:00:00,0.0233311548972441
2017-01-04 05:00:00,-0.0253856451145065
2017-01-05 05:00:00,0.0133673331621353
2017-01-06 05:00:00,0.040543180884188
2017-01-09 05:00:00,-0.0075505131577026
2017-01-10 05:00:00,-0.0123036174868363
2017-01-11 05:00:00,-0.0163559748822508
2017-01-12 05:00:00,-9.68568864170294e-05
2017-01-13 05:00:00,-0.0224305777703237
2017-01-17 05:00:00,0.0181980814667681
2017-01-18 05:00:00,0.0214667282355121
2017-01-19 05:00:00,-0.0109357408207056
2017-01-20 05:00:00,0.0103834876784498
2017-01-23 05:00:00,0.0213151417791663
2017-01-24 05:00:00,0.0042860915369105
2017-01-25 05:00:00,0.0172555669398262
2017-01-26 05:00:00,0.0193342827722391
2017-01-27 05:00:00,-0.0156571758866119
2017-01-30 05:00:00,-0.0076350465856884
2017-01-31 05:00:00,0.0436893410473666
2017-02-01 05:00:00,0.0126369365327729
2017-02-02 05:00:00,-0.0087527557892547
2017-02-03 05:00:00,0.0256164848683448
2017-02-06 05:00:00,0.0155143588314563
2017-02-07 05:00:00,-0.0043649312656179
2017-02-08 05:00:00,-0.018801020647588
2017-02-09 05:00:00,-0.0237155146342282
2017-02-10 05:00:00,-0.0461185431700906
2017-02-13 05:00:00,0.0036907178116567
2017-02-14 05:00:00,0.0020222437018566
2017-02-15 05:00:00,-0.016054982117171
2017-02-16 05:00:00,-0.0001864711818084
2017-02-17 05:00:00,0.0358105886637236
2017-02-21 05:00:00,-0.001532497327455
2017-02-22 05:00:00,-0.0927228372928621
2017-02-23 05:00:00,0.0096523846572791
2017-02-24 05:00:00,0.0290758591985096
2017-02-27 05:00:00,-0.0280626677479326
2017-02-28 05:00:00,0.012909300881484
2017-03-01 05:00:00,-0.0368717552338093
2017-03-02 05:00:00,-0.0057570743714634
2017-03-03 05:00:00,-0.0077213326911003
2017-03-06 05:00:00,0.0109554713610409
2017-03-07 05:00:00,-0.0018232269776103
2017-03-08 05:00:00,-0.000203048891917
2017-03-09 05:00:00,0.005886081742894
2017-03-10 05:00:00,0.0275425156739621
2017-03-13 04:00:00,-0.0006874298580914
2017-03-14 04:00:00,0.0075652203896194
2017-03-15 04:00:00,0.0122865443074788
2017-03-16 04:00:00,0.0217708352929539
2017-03-17 04:00:00,0.0318656097236182
2017-03-20 04:00:00,-0.03234352374733
2017-03-21 04:00:00,0.0203948246427743
2017-03-22 04:00:00,-0.0090684059952085
2017-03-23 04:00:00,0.0035485588871462
2017-03-24 04:00:00,0.0072577872398458
2017-03-27 04:00:00,-0.0051734068347808
2017-03-28 04:00:00,-0.0032495878651411
2017-03-29 04:00:00,0.0191911844574779
2017-03-30 04:00:00,-0.0042963710391876
2017-03-31 04:00:00,-0.0050491638925406
2017-04-03 04:00:00,-0.0701233202757244
2017-04-04 04:00:00,-0.0074419018713827
2017-04-05 04:00:00,0.0072974407829555
2017-04-06 04:00:00,-0.0042675476113602
2017-04-07 04:00:00,-0.0255155589868552
2017-04-10 04:00:00,0.0035798916154019
2017-04-11 04:00:00,-0.0082552318294103
2017-04-12 04:00:00,-0.01870327509494
2017-04-13 04:00:00,0.0391664832446798
2017-04-17 04:00:00,0.0006046439893021
2017-04-18 04:00:00,0.0039279083732117
2017-04-19 04:00:00,0.0158507345517944
2017-04-20 04:00:00,0.0041478480007142
2017-04-21 04:00:00,0.012490267234708
2017-04-24 04:00:00,0.0173866734380896
2017-04-25 04:00:00,-0.0068741232315331
2017-04-26 04:00:00,0.0155741822573773
2017-04-27 04:00:00,-0.0126846438696824
2017-04-28 04:00:00,0.0224350266570971
2017-05-01 04:00:00,-0.0296321647237688
2017-05-02 04:00:00,0.0074410295256912
2017-05-03 04:00:00,-0.003836824107864
2017-05-04 04:00:00,9.598051120840444e-05
2017-05-05 04:00:00,-0.0104944755996926
2017-05-08 04:00:00,0.0016538954878408
2017-05-09 04:00:00,0.1782589111799088
2017-05-10 04:00:00,0.0429551322559684
2017-05-11 04:00:00,0.0109882072575084
2017-05-12 04:00:00,0.0501991593962329
2017-05-15 04:00:00,0.0186137730979691
2017-05-16 04:00:00,-0.0664424844874821
2017-05-17 04:00:00,0.0418885690486938
2017-05-18 04:00:00,0.0230949342000492
2017-05-19 04:00:00,0.0213234942188005
2017-05-22 04:00:00,-0.0134630028679688
2017-05-23 04:00:00,0.0112384701178933
2017-05-24 04:00:00,-0.0022372247150744
2017-05-25 04:00:00,0.0258932047800388
2017-05-26 04:00:00,0.0213622209230894
2017-05-30 04:00:00,-0.0035894225398241
2017-05-31 04:00:00,6.924642494432476e-05
2017-06-01 04:00:00,-0.0049874043788139
2017-06-02 04:00:00,0.0304229681697265
2017-06-05 04:00:00,-0.0045266775717397
2017-06-06 04:00:00,0.0120808470515132
2017-06-07 04:00:00,0.0725592649938087
2017-06-08 04:00:00,-0.0646493579204384
2017-06-09 04:00:00,0.0024734952220839
2017-06-12 04:00:00,0.0095351520790007
2017-06-13 04:00:00,0.002113403613843
2017-06-14 04:00:00,0.0042844123635661
2017-06-15 04:00:00,-0.0049222142091744
2017-06-16 04:00:00,0.0375938858253579
2017-06-19 04:00:00,-0.0014619767263617
2017-06-20 04:00:00,0.0151502781238692
2017-06-21 04:00:00,-0.0068976251203275
2017-06-22 04:00:00,-0.028667100451205
2017-06-23 04:00:00,-0.0109211212453274
2017-06-26 04:00:00,-0.0366085016729437
2017-06-27 04:00:00,0.0352708386427194
2017-06-28 04:00:00,-0.0334099839825347
2017-06-29 04:00:00,-0.0144533648602219
2017-06-30 04:00:00,-0.0361788988858235
2017-07-03 04:00:00,0.0266994260068413
2017-07-05 04:00:00,0.0030056680336876
2017-07-06 04:00:00,0.0228602429839797
2017-07-07 04:00:00,0.0472884628280081
2017-07-10 04:00:00,0.0141833098100996
2017-07-11 04:00:00,0.0425325482764273
2017-07-12 04:00:00,-0.011568503490406
2017-07-13 04:00:00,0.026894686182967
2017-07-14 04:00:00,-0.0042443517544866
2017-07-17 04:00:00,0.0104107990357935
2017-07-18 04:00:00,-0.0051818512883283
2017-07-19 04:00:00,0.0145368630653355
2017-07-20 04:00:00,0.0035822867939714
2017-07-21 04:00:00,-0.0116002711739764
2017-07-24 04:00:00,-0.0048151906127266
2017-07-25 04:00:00,0.0115515125008702
2017-07-26 04:00:00,-0.0330028797570642
2017-07-27 04:00:00,0.016384480055861
2017-07-28 04:00:00,-0.0114362618045281
2017-07-31 04:00:00,0.0121840030493882
2017-08-01 04:00:00,-0.0006080318684791
2017-08-02 04:00:00,0.0127136940810541
2017-08-03 04:00:00,0.0043849497164818
2017-08-04 04:00:00,0.0307399217333939
2017-08-07 04:00:00,-0.0118945221026588
2017-08-08 04:00:00,0.0106283495015253
2017-08-09 04:00:00,-0.0428217031470158
2017-08-10 04:00:00,-0.0532958249686771
2017-08-11 04:00:00,0.0797640934882346
2017-08-14 04:00:00,-0.008432365869501
2017-08-15 04:00:00,-0.0109595075208382
2017-08-16 04:00:00,-0.0222828318033442
2017-08-17 04:00:00,0.0001861322390608
2017-08-18 04:00:00,-0.0145514330232823
2017-08-21 04:00:00,0.0222625993585925
2017-08-22 04:00:00,0.0199938976394311
2017-08-23 04:00:00,-0.003679037285986
2017-08-24 04:00:00,-0.0083539627817103
2017-08-25 04:00:00,0.0070815439014488
2017-08-28 04:00:00,-0.001637036853333
2017-08-29 04:00:00,0.005950638699153
2017-08-30 04:00:00,0.0226941526911019
2017-08-31 04:00:00,0.0060200483007053
2017-09-01 04:00:00,-0.0266928507349607
2017-09-05 04:00:00,-0.0006031118945297
2017-09-06 04:00:00,0.0046446109140325
2017-09-07 04:00:00,-0.0173494540361748
2017-09-08 04:00:00,0.0324398299371777
2017-09-11 04:00:00,0.0036093736832261
2017-09-12 04:00:00,0.0044806996536275
2017-09-13 04:00:00,-0.0056933553506914
2017-09-14 04:00:00,0.0632232632681712
2017-09-15 04:00:00,0.0413077702701616
2017-09-18 04:00:00,-0.001066223357021
2017-09-19 04:00:00,-0.0080597013695435
2017-09-20 04:00:00,-0.027335124438618
2017-09-21 04:00:00,-0.009737069341027
2017-09-22 04:00:00,-0.0446924344713683
2017-09-25 04:00:00,0.005613805653057
2017-09-26 04:00:00,0.0219239449925632
2017-09-27 04:00:00,-0.0002844299737797
2017-09-28 04:00:00,0.0175885954850427
2017-09-29 04:00:00,0.0012863448278541
2017-10-02 04:00:00,0.0020670866821204
2017-10-03 04:00:00,0.0083627538128274
2017-10-04 04:00:00,-0.0005529074374052
2017-10-05 04:00:00,0.0029318597490022
2017-10-06 04:00:00,0.0225592377712409
2017-10-09 04:00:00,0.0190948014409844
2017-10-10 04:00:00,0.0106392052317469
2017-10-11 04:00:00,0.0004710897829813
2017-10-12 04:00:00,0.0186360063365633
2017-10-13 04:00:00,0.0171640709004092
2017-10-16 04:00:00,-0.0009093937833033
2017-10-17 04:00:00,-0.0008599627050218
2017-10-18 04:00:00,0.0011140691125266
2017-10-19 04:00:00,-0.0045503461127561
2017-10-20 04:00:00,-0.0014217511061304
2017-10-23 04:00:00,0.010476909781266
2017-10-24 04:00:00,-0.0252668538616442
2017-10-25 04:00:00,0.0104823885787195
2017-10-26 04:00:00,0.0315293179738926
2017-10-27 04:00:00,0.009808577057947
2017-10-30 04:00:00,0.0145704757688598
2017-10-31 04:00:00,0.0018857968025718
2017-11-01 04:00:00,-0.0060811423766518
2017-11-02 04:00:00,0.0133534270241337
2017-11-03 04:00:00,0.0045042270822897
2017-11-06 05:00:00,0.0114487850458684
2017-11-07 05:00:00,-0.0135357402029123
2017-11-08 05:00:00,-0.0183589576753402
2017-11-09 05:00:00,0.0526978531036912
2017-11-10 05:00:00,-0.0162391874986551
2017-11-13 05:00:00,0.0072894314996743
2017-11-14 05:00:00,-0.0196096328444635
2017-11-15 05:00:00,0.0077626532221724
2017-11-16 05:00:00,-0.0011812879896764
2017-11-17 05:00:00,0.0128687422258748
2017-11-20 05:00:00,0.0092024456921027
2017-11-21 05:00:00,-0.0044927201979558
2017-11-22 05:00:00,0.0094450164536774
2017-11-24 05:00:00,-0.0129982705179442
2017-11-27 05:00:00,-0.0160173545356268
2017-11-28 05:00:00,-0.0678183432331754
2017-11-29 05:00:00,0.0218411975913856
2017-11-30 05:00:00,-0.0150970952379351
2017-12-01 05:00:00,-0.0557463820337096
2017-12-04 05:00:00,0.0057860220501753
2017-12-05 05:00:00,0.0080965430062334
2017-12-06 05:00:00,0.0144245284643451
2017-12-07 05:00:00,-0.0026044159556035
2017-12-08 05:00:00,0.0165545576395762
2017-12-11 05:00:00,-0.019624030436754
2017-12-12 05:00:00,-0.0244186226292514
2017-12-13 05:00:00,0.0015580902921714
2017-12-14 05:00:00,0.0272963506270653
2017-12-15 05:00:00,0.0330969150520066
2017-12-18 05:00:00,-0.0090452448368015
2017-12-19 05:00:00,0.0035183279436052
2017-12-20 05:00:00,-0.0046239945798124
2017-12-21 05:00:00,-0.0031649127463444
2017-12-22 05:00:00,0.0111124630363128
2017-12-26 05:00:00,-0.0013670642802493
2017-12-27 05:00:00,0.0011664709344219
2017-12-28 05:00:00,-0.0197566864241998
2017-12-29 05:00:00,0.0302324197686216
2018-01-02 05:00:00,0.065813701830756
2018-01-03 05:00:00,0.0052714075539503
2018-01-04 05:00:00,0.0084741569588489
2018-01-05 05:00:00,0.0306409725306695
2018-01-08 05:00:00,-0.0002705113681229
2018-01-09 05:00:00,0.007840261610263
2018-01-10 05:00:00,0.0017880535365939
2018-01-11 05:00:00,-0.0049090377847019
2018-01-12 05:00:00,-0.0128711779487638
2018-01-16 05:00:00,0.0209441010506483
2018-01-17 05:00:00,-0.0012459912276862
2018-01-18 05:00:00,0.025262735143539
2018-01-19 05:00:00,0.0155579170738329
2018-01-22 05:00:00,0.0223373284265708
2018-01-23 05:00:00,-0.0130173650700757
2018-01-24 05:00:00,0.0023322762016309
2018-01-25 05:00:00,0.0295326359448899
2018-01-26 05:00:00,0.0144661780728125
2018-01-29 05:00:00,-0.0167312013338648
2018-01-30 05:00:00,0.0126896402460652
2018-01-31 05:00:00,-0.021562106654923
2018-02-01 05:00:00,-0.0290231022424821
2018-02-02 05:00:00,-0.084874887706396
2018-02-05 05:00:00,0.0555919236483026
2018-02-06 05:00:00,0.0142744001879429
2018-02-07 05:00:00,-0.0493008592114687
2018-02-08 05:00:00,0.0669363542981953
2018-02-09 05:00:00,-0.0174507479176866
2018-02-12 05:00:00,0.0201728555811697
2018-02-13 05:00:00,0.0377853809924018
2018-02-14 05:00:00,0.0210420888907953
2018-02-15 05:00:00,-0.010791158935514
2018-02-16 05:00:00,0.021489459082334
2018-02-20 05:00:00,-0.0303915552250024
2018-02-21 05:00:00,0.003272886308504
2018-02-22 05:00:00,0.0156103253502177
2018-02-23 05:00:00,0.0026428814649168
2018-02-26 05:00:00,-0.0021088727336222
2018-02-27 05:00:00,-0.0164998858781717
2018-02-28 05:00:00,-0.0404548181513447
2018-03-01 05:00:00,0.0186470675530001
2018-03-02 05:00:00,-0.0037624548769407
2018-03-05 05:00:00,0.0276255840899353
2018-03-06 05:00:00,-0.0013212409397977
2018-03-07 05:00:00,-0.0027293370742443
2018-03-08 05:00:00,0.0172071689505086
2018-03-09 05:00:00,0.0180572482976517
2018-03-12 04:00:00,-0.0082077864433743
2018-03-13 04:00:00,0.0041582018243522
2018-03-14 04:00:00,0.0024120349152321
2018-03-15 04:00:00,0.0045719934962968
2018-03-16 04:00:00,-0.0378472674805027
2018-03-19 04:00:00,0.035601697818612
2018-03-20 04:00:00,-0.0040870451187355
2018-03-21 04:00:00,-0.0269955923854434
2018-03-22 04:00:00,-0.0367168777815816
2018-03-23 04:00:00,0.0494054783845292
2018-03-26 04:00:00,-0.0775522292848518
2018-03-27 04:00:00,-0.0184908182588957
2018-03-28 04:00:00,0.0462620050546132
2018-03-29 04:00:00,-0.045511623364686
2018-04-02 04:00:00,0.0194526457420449
2018-04-03 04:00:00,0.0039493689160257
2018-04-04 04:00:00,-0.0214818890609411
2018-04-05 04:00:00,-0.0322068234825024
2018-04-06 04:00:00,0.0054143518780889
2018-04-09 04:00:00,0.0580288285821779
2018-04-10 04:00:00,-0.0073274916917744
2018-04-11 04:00:00,0.036951943229728
2018-04-12 04:00:00,-0.0132141888327128
2018-04-13 04:00:00,-4.304173708125081e-05
2018-04-16 04:00:00,0.02613511857385
2018-04-17 04:00:00,-0.0049254397021466
2018-04-18 04:00:00,-0.0310106948754045
2018-04-19 04:00:00,-0.0014407654148309
2018-04-20 04:00:00,-0.0211185135316995
2018-04-23 04:00:00,-0.0119707522983577
2018-04-24 04:00:00,-0.0205246518001731
2018-04-25 04:00:00,0.0395092019300795
2018-04-26 04:00:00,0.0049284787394157
2018-04-27 04:00:00,-0.0063182998308234
2018-04-30 04:00:00,0.0099602790297255
2018-05-01 04:00:00,-0.0036540191028222
2018-05-02 04:00:00,0.0295166668582813
2018-05-03 04:00:00,0.0260526404822802
2018-05-04 04:00:00,0.0402409508590753
2018-05-07 04:00:00,0.0069165310392931
2018-05-08 04:00:00,0.0214855878630357
2018-05-09 04:00:00,0.0170067340346413
2018-05-10 04:00:00,-0.0215274503924659
2018-05-11 04:00:00,0.0032606584543182
2018-05-14 04:00:00,-0.0383770917711685
2018-05-15 04:00:00,0.0018325710243907
2018-05-16 04:00:00,0.0069102778690686
2018-05-17 04:00:00,-0.0071455186241053
2018-05-18 04:00:00,-0.0069119317611892
2018-05-21 04:00:00,-0.0063056366358047
2018-05-22 04:00:00,0.0205732343311662
2018-05-23 04:00:00,0.0006057520062958
2018-05-24 04:00:00,0.0064193392334228
2018-05-25 04:00:00,-0.002767782642253
2018-05-29 04:00:00,0.0176995621055997
2018-05-30 04:00:00,-0.0031618431238553
2018-05-31 04:00:00,0.0215310770907739
2018-06-01 04:00:00,0.0280648592069232
2018-06-04 04:00:00,0.0008305154955865
2018-06-05 04:00:00,0.0003019201686742
2018-06-06 04:00:00,-0.0084857908985068
2018-06-07 04:00:00,-0.0023583704751651
2018-06-08 04:00:00,-0.0063290437403361
2018-06-11 04:00:00,0.0075202045217745
2018-06-12 04:00:00,-0.000685340627789
2018-06-13 04:00:00,0.0171875465654636
2018-06-14 04:00:00,-0.0061818033555248
2018-06-15 04:00:00,-0.0006408757153486
2018-06-18 04:00:00,-0.0185598223637293
2018-06-19 04:00:00,0.0082254199643057
2018-06-20 04:00:00,-0.0198236649787327
2018-06-21 04:00:00,-0.0239587505883552
2018-06-22 04:00:00,-0.0471408262627338
2018-06-25 04:00:00,0.0120020356604668
2018-06-26 04:00:00,-0.0259100762557362
2018-06-27 04:00:00,0.0218057185253943
2018-06-28 04:00:00,-0.0164411285390997
2018-06-29 04:00:00,0.0225408831417179
2018-07-02 04:00:00,-0.0222915943102059
2018-07-03 04:00:00,0.0248690029684608
2018-07-05 04:00:00,0.0189511768188503
2018-07-06 04:00:00,0.0077627012019649
2018-07-09 04:00:00,0.0160483644809799
2018-07-10 04:00:00,-0.022586358667156
2018-07-11 04:00:00,0.0149477775551452
2018-07-12 04:00:00,-0.0076027880211659
2018-07-13 04:00:00,-0.0044921253190712
2018-07-16 04:00:00,0.0221190961395492
2018-07-17 04:00:00,-0.0078443785357746
2018-07-18 04:00:00,0.0013112414215463
2018-07-19 04:00:00,-0.0045233041067783
2018-07-20 04:00:00,-0.0058988691371077
2018-07-23 04:00:00,-0.0028065747771235
2018-07-24 04:00:00,0.0127054805182373
2018-07-25 04:00:00,0.0117919048975887
2018-07-26 04:00:00,-0.0110659252852209
2018-07-27 04:00:00,-0.0313070121369861
2018-07-30 04:00:00,0.0029901176764641
2018-07-31 04:00:00,0.0065751038080097
2018-08-01 04:00:00,0.0168379175191959
2018-08-02 04:00:00,0.0059053006140628
2018-08-03 04:00:00,0.0076557824869363
2018-08-06 04:00:00,0.0114946529012891
2018-08-07 04:00:00,0.0057208432677995
2018-08-08 04:00:00,-0.0075846006073494
2018-08-09 04:00:00,-0.0065115026407635
2018-08-10 04:00:00,0.0052200605690917
2018-08-13 04:00:00,0.0207323303139874
2018-08-14 04:00:00,-0.0089890660339172
2018-08-15 04:00:00,-0.0063301218072272
2018-08-16 04:00:00,-0.0490210821964748
2018-08-17 04:00:00,0.0123357125857799
2018-08-20 04:00:00,0.0221109692276642
2018-08-21 04:00:00,0.0375018657029919
2018-08-22 04:00:00,0.015295675025883
2018-08-23 04:00:00,0.0201618904835565
2018-08-24 04:00:00,0.0135185916720919
2018-08-27 04:00:00,-0.0055092124238237
2018-08-28 04:00:00,0.015534344934327
2018-08-29 04:00:00,-0.0024416991870565
2018-08-30 04:00:00,0.0103305730719505
2018-08-31 04:00:00,0.0107598424589301
2018-09-04 04:00:00,-0.0186113284559279
2018-09-05 04:00:00,-0.0204726871349978
2018-09-06 04:00:00,-0.003153351211241
2018-09-07 04:00:00,0.0105568128388291
2018-09-10 04:00:00,-0.0070250353070107
2018-09-11 04:00:00,-0.016862055287743
2018-09-12 04:00:00,0.0117076203573103
2018-09-13 04:00:00,0.0187585827406706
2018-09-14 04:00:00,-0.0090437355536067
2018-09-17 04:00:00,-0.0106231415177099
2018-09-18 04:00:00,0.0035419193416923
2018-09-19 04:00:00,-0.0209570941911994
2018-09-20 04:00:00,-0.0106280228161621
2018-09-21 04:00:00,0.008540264766037
2018-09-24 04:00:00,0.0101996309854555
2018-09-25 04:00:00,-0.0055510518833792
2018-09-26 04:00:00,0.0017981983398416
2018-09-27 04:00:00,0.0509349642251333
2018-09-28 04:00:00,0.0296776494351378
2018-10-01 04:00:00,-0.0099531488555522
2018-10-02 04:00:00,0.0008727547379769
2018-10-03 04:00:00,-0.0259477207952437
2018-10-04 04:00:00,-0.0337640529904559
2018-10-05 04:00:00,-0.0151562935480835
2018-10-08 04:00:00,-0.0008653606845352
2018-10-09 04:00:00,-0.0747532760416466
2018-10-10 04:00:00,-0.0429808032315366
2018-10-11 04:00:00,0.0485262648650104
2018-10-12 04:00:00,-0.0452666173025632
2018-10-15 04:00:00,0.0443962711515917
2018-10-16 04:00:00,-0.0112678996770005
2018-10-17 04:00:00,-0.0145229303549108
2018-10-18 04:00:00,-0.043251587633393
2018-10-19 04:00:00,0.0089453912053576
2018-10-22 04:00:00,-0.0439410120191753
2018-10-23 04:00:00,-0.0979370091068936
2018-10-24 04:00:00,0.0422746574574792
2018-10-25 04:00:00,-0.0459489416479284
2018-10-26 04:00:00,-0.0638960846307916
2018-10-29 04:00:00,0.0936321209669892
2018-10-30 04:00:00,0.0385713631383741
2018-10-31 04:00:00,0.0345302705866916
2018-11-01 04:00:00,-0.0146258971724724
2018-11-02 04:00:00,-0.0146566815306752
2018-11-05 05:00:00,-0.0033523333432721
2018-11-06 05:00:00,0.0129343628287152
2018-11-07 05:00:00,-0.0364843843139712
2018-11-08 05:00:00,-0.0015533931950125
2018-11-09 05:00:00,-0.0784266008125929
2018-11-12 05:00:00,0.0515458776460684
2018-11-13 05:00:00,-0.0106366528242531
2018-11-14 05:00:00,0.0263705543095944
2018-11-15 05:00:00,-0.1875588591784555
2018-11-16 05:00:00,-0.1199901376237011
2018-11-19 05:00:00,0.0302696014847041
2018-11-20 05:00:00,-0.0293131896795735
2018-11-21 05:00:00,0.0020039457670868
2018-11-23 05:00:00,0.0555174637111288
2018-11-26 05:00:00,0.004442918875569
2018-11-27 05:00:00,0.0412408914053787
2018-11-28 05:00:00,-0.0159462965144414
2018-11-29 05:00:00,0.0385739222296055
2018-11-30 05:00:00,0.0404456242635855
2018-12-03 05:00:00,-0.0760409744066035
2018-12-04 05:00:00,0.0075107669137002
2018-12-06 05:00:00,-0.0674711945853342
2018-12-07 05:00:00,0.0287921795711463
2018-12-10 05:00:00,-0.0241670308584291
2018-12-11 05:00:00,0.0047910321346822
2018-12-12 05:00:00,-6.72257880449667e-05
2018-12-13 05:00:00,-0.0163879848784118
2018-12-14 05:00:00,-0.0195969425491954
2018-12-17 05:00:00,0.0234015612381226
2018-12-18 05:00:00,-0.0573705266883124
2018-12-19 05:00:00,-0.024619010593838
2018-12-20 05:00:00,-0.0409327476999421
2018-12-21 05:00:00,-0.0192174038946129
2018-12-24 05:00:00,0.0473719682107567
2018-12-26 05:00:00,-0.0145005256111824
2018-12-27 05:00:00,0.0189067509501501
2018-12-28 05:00:00,-0.0011223686121847
2018-12-31 05:00:00,0.0203745763789835
2019-01-02 05:00:00,-0.06041697534788
2019-01-03 05:00:00,0.0640676515742582
2019-01-04 05:00:00,0.0529404417647232
2019-01-07 05:00:00,-0.0248952870031966
2019-01-08 05:00:00,0.0196667871692217
2019-01-09 05:00:00,0.0185860827338035
2019-01-10 05:00:00,0.0247884905320705
2019-01-11 05:00:00,0.0108174564004452
2019-01-14 05:00:00,-0.0037886816244434
2019-01-15 05:00:00,-0.0068728947865999
2019-01-16 05:00:00,0.0193497103926327
2019-01-17 05:00:00,0.0343395401308117
2019-01-18 05:00:00,-0.0519975738076617
2019-01-22 05:00:00,0.0034951757771053
2019-01-23 05:00:00,0.0572709600547789
2019-01-24 05:00:00,0.014635155540182
2019-01-25 05:00:00,-0.1382452885880186
2019-01-28 05:00:00,-0.0464460665116935
2019-01-29 05:00:00,0.0439970621033989
2019-01-30 05:00:00,0.0462915882944752
2019-01-31 05:00:00,0.0068176656881531
2019-02-01 05:00:00,0.0307466395632158
2019-02-04 05:00:00,0.0051613845543787
2019-02-05 05:00:00,0.0203403507802166
2019-02-06 05:00:00,-0.0364706897525862
2019-02-07 05:00:00,0.0050875296038219
2019-02-08 05:00:00,-0.01160838150636
2019-02-11 05:00:00,0.0322296915990356
2019-02-12 05:00:00,0.0113116654424176
2019-02-13 05:00:00,0.0107928549383211
2019-02-14 05:00:00,0.0181840379280642
2019-02-15 05:00:00,-0.0044488549741481
2019-02-19 05:00:00,0.0121933207637097
2019-02-20 05:00:00,-0.0175338910972704
2019-02-21 05:00:00,0.0219555624418772
2019-02-22 05:00:00,-0.0031409964303783
2019-02-25 05:00:00,-0.010019295586277
2019-02-26 05:00:00,-0.010757560409367
2019-02-27 05:00:00,-0.0063767510125045
2019-02-28 05:00:00,0.0141967597535277
2019-03-01 05:00:00,0.0021094642291179
2019-03-04 05:00:00,-0.0016586780901746
2019-03-05 05:00:00,-0.0285585336618644
2019-03-06 05:00:00,-0.0183490875238231
2019-03-07 05:00:00,0.0092453821999554
2019-03-08 05:00:00,0.069702404530785
2019-03-11 04:00:00,0.0085641898749215
2019-03-12 04:00:00,0.0375336958767738
2019-03-13 04:00:00,-0.0181475281781673
2019-03-14 04:00:00,0.0256709222745161
2019-03-15 04:00:00,-0.0050644013000635
2019-03-18 04:00:00,0.0400117668623869
2019-03-19 04:00:00,-0.0074553422408493
2019-03-20 04:00:00,0.0547012559771717
2019-03-21 04:00:00,-0.0350110183955348
2019-03-22 04:00:00,-0.020957586085077
2019-03-25 04:00:00,0.0177811311576896
2019-03-26 04:00:00,-0.0020922308631533
2019-03-27 04:00:00,0.004249182474838
2019-03-28 04:00:00,0.0130324270500032
2019-03-29 04:00:00,0.0151484139925963
2019-04-01 04:00:00,0.0039498142978091
2019-04-02 04:00:00,0.0307101441318093
2019-04-03 04:00:00,-0.00190801694064
2019-04-04 04:00:00,0.0142884491710337
2019-04-05 04:00:00,0.0043988876112486
2019-04-08 04:00:00,-0.0131912552202216
2019-04-09 04:00:00,0.0150057393067599
2019-04-10 04:00:00,-0.0029151358344889
2019-04-11 04:00:00,-0.0079881308423773
2019-04-12 04:00:00,-0.0279457858125052
2019-04-15 04:00:00,0.0190037346558484
2019-04-16 04:00:00,-0.004887866912831
2019-04-17 04:00:00,-0.0052861771401714
2019-04-18 04:00:00,0.0116478957828209
2019-04-22 04:00:00,0.0116729038562866
2019-04-23 04:00:00,0.002622331735141
2019-04-24 04:00:00,-0.0222835775402955
2019-04-25 04:00:00,-0.0471887160112989
2019-04-26 04:00:00,0.0069630432383549
2019-04-29 04:00:00,0.0093120265407165
2019-04-30 04:00:00,-0.0029279053848728
2019-05-01 04:00:00,0.0150718141894474
2019-05-02 04:00:00,-0.0009829679023697
2019-05-03 04:00:00,-0.0172664702575625
2019-05-06 04:00:00,-0.0374754020539752
2019-05-07 04:00:00,0.0046789792520602
2019-05-08 04:00:00,-0.0214466390666314
2019-05-09 04:00:00,-0.0080500225032179
2019-05-10 04:00:00,-0.0614263344644958
2019-05-13 04:00:00,0.0226569027434633
2019-05-14 04:00:00,-0.0151814445112202
2019-05-15 04:00:00,0.0038225072801778
2019-05-16 04:00:00,-0.0228478880450427
2019-05-17 04:00:00,-0.0305372068191023
2019-05-20 04:00:00,0.0218120465503262
2019-05-21 04:00:00,-0.0184442602775825
2019-05-22 04:00:00,-0.0320631618329793
2019-05-23 04:00:00,-0.0147297286106968
2019-05-24 04:00:00,-0.0125387316629098
2019-05-28 04:00:00,-0.0208610148091008
2019-05-29 04:00:00,-0.0076330130449382
2019-05-30 04:00:00,-0.0262382711519307
2019-05-31 04:00:00,-0.0124020879406228
2019-06-03 04:00:00,0.0689191434829386
2019-06-04 04:00:00,-0.0120281526916368
2019-06-05 04:00:00,0.0176954867778429
2019-06-06 04:00:00,0.0119627677006606
2019-06-07 04:00:00,0.020137393933499
2019-06-10 04:00:00,0.0156301339959408
2019-06-11 04:00:00,-0.0301823010678995
2019-06-12 04:00:00,0.0140903488657497
2019-06-13 04:00:00,-0.0244166481146874
2019-06-14 04:00:00,0.0026962892755004
2019-06-17 04:00:00,0.0541268470023825
2019-06-18 04:00:00,0.00156982836698
2019-06-19 04:00:00,0.0064002473399611
2019-06-20 04:00:00,-0.0151850403415384
2019-06-21 04:00:00,0.0059305710400889
2019-06-24 04:00:00,-0.0077296600059545
2019-06-25 04:00:00,0.0513598675726645
2019-06-26 04:00:00,0.0249278701186188
2019-06-27 04:00:00,0.0061263923458656
2019-06-28 04:00:00,0.0118126815497543
2019-07-01 04:00:00,-0.0237106546953376
2019-07-02 04:00:00,0.0032050959795892
2019-07-03 04:00:00,-0.015483662383316
2019-07-05 04:00:00,-0.0188480246386325
2019-07-08 04:00:00,0.0006360134741354
2019-07-09 04:00:00,0.0174814187534544
2019-07-10 04:00:00,0.0388604851951279
2019-07-11 04:00:00,0.0079984194042137
2019-07-12 04:00:00,-0.0020281887902011
2019-07-15 04:00:00,-0.0011360978189055
2019-07-16 04:00:00,0.0157407288300515
2019-07-17 04:00:00,0.0027696154617227
2019-07-18 04:00:00,-0.0102243705431952
2019-07-19 04:00:00,0.0170978603835563
2019-07-22 04:00:00,0.0253332119138498
2019-07-23 04:00:00,0.0170778668533995
2019-07-24 04:00:00,-0.0295528872345068
2019-07-25 04:00:00,0.0097473403666596
2019-07-26 04:00:00,-0.0014281254672181
2019-07-29 04:00:00,0.0036034655529746
2019-07-30 04:00:00,-0.0383583105097294
2019-07-31 04:00:00,-0.0225227043987316
2019-08-01 04:00:00,-0.0226169606667927
2019-08-02 04:00:00,-0.0645198675831763
2019-08-05 04:00:00,0.0103455351998453
2019-08-06 04:00:00,0.0101081012621397
2019-08-07 04:00:00,0.0283969807566664
2019-08-08 04:00:00,-0.0257803479842864
2019-08-09 04:00:00,-0.0177066152951268
2019-08-12 04:00:00,0.0303730546642129
2019-08-13 04:00:00,-0.038321074645036
2019-08-14 04:00:00,-0.0086627714500647
2019-08-15 04:00:00,0.0725284307295022
2019-08-16 04:00:00,0.0703183441773203
2019-08-19 04:00:00,-0.0170393242834782
2019-08-20 04:00:00,0.020015096113408
2019-08-21 04:00:00,0.0014602649904662
2019-08-22 04:00:00,-0.0527174815590033
2019-08-23 04:00:00,0.0185296340298932
2019-08-26 04:00:00,-0.0220608515543212
2019-08-27 04:00:00,-0.0025983116667016
2019-08-28 04:00:00,0.0358517244507874
2019-08-29 04:00:00,0.0030536466517219
2019-08-30 04:00:00,-0.0199390580607872
2019-09-03 04:00:00,0.0279586823346857
2019-09-04 04:00:00,0.0650630669356044
2019-09-05 04:00:00,-0.0060645620951003
2019-09-06 04:00:00,0.0103553845295376
2019-09-09 04:00:00,0.014847769419976
2019-09-10 04:00:00,0.0062781397265725
2019-09-11 04:00:00,-0.0003257339830817
2019-09-12 04:00:00,-0.0126440947824382
2019-09-13 04:00:00,-0.0095090479572289
2019-09-16 04:00:00,0.0047722975472894
2019-09-17 04:00:00,-0.0060197000472729
2019-09-18 04:00:00,-0.0168909210167806
2019-09-19 04:00:00,-0.0240192525862915
2019-09-20 04:00:00,0.0124500029418197
2019-09-23 04:00:00,-0.0132118006442855
2019-09-24 04:00:00,0.0330373748595229
2019-09-25 04:00:00,-0.0049935398599031
2019-09-26 04:00:00,-0.0314648140707181
2019-09-27 04:00:00,0.0134487130391709
2019-09-30 04:00:00,-0.0004017615393281
2019-10-01 04:00:00,-0.0055176273761577
2019-10-02 04:00:00,0.0477926411585718
2019-10-03 04:00:00,0.0036397951927931
2019-10-04 04:00:00,0.0129696287407032
2019-10-07 04:00:00,-0.0385179394975127
2019-10-08 04:00:00,0.0196352563859878
2019-10-09 04:00:00,0.0128386574902865
2019-10-10 04:00:00,0.0161722614027677
2019-10-11 04:00:00,0.0029032756808013
2019-10-14 04:00:00,0.0527525941249338
2019-10-15 04:00:00,-0.0109994408023704
2019-10-16 04:00:00,0.0004119212151567
2019-10-17 04:00:00,-0.0195584479579221
2019-10-18 04:00:00,0.0289780205989393
2019-10-21 04:00:00,-0.0020404965654949
2019-10-22 04:00:00,-0.0026587651486841
2019-10-23 04:00:00,0.0090727835165007
2019-10-24 04:00:00,0.039012508656067
2019-10-25 04:00:00,0.0110004094880125
2019-10-28 04:00:00,-0.0187147444897642
2019-10-29 04:00:00,0.0003942402193612
2019-10-30 04:00:00,-0.0097538126505677
2019-10-31 04:00:00,0.0078103676531875
2019-11-01 04:00:00,0.0390441480949883
2019-11-04 05:00:00,-0.0042280223210435
2019-11-05 05:00:00,-0.0094458639865094
2019-11-06 05:00:00,0.0034192915890394
2019-11-07 05:00:00,-0.0026877042934532
2019-11-08 05:00:00,0.0019251865814513
2019-11-11 05:00:00,0.0068687693935223
2019-11-12 05:00:00,-0.0049612736039135
2019-11-13 05:00:00,0.0058494582541332
2019-11-14 05:00:00,-0.0266935507452975
2019-11-15 05:00:00,0.0396199852316625
2019-11-18 05:00:00,-0.0202093999510889
2019-11-19 05:00:00,0.0153372791187553
2019-11-20 05:00:00,-0.0047349339338778
2019-11-21 05:00:00,0.0033778979813516
2019-11-22 05:00:00,0.0489354408559417
2019-11-25 05:00:00,-0.0190314065048562
2019-11-26 05:00:00,0.0064560095892212
2019-11-27 05:00:00,-0.0068729704767733
2019-11-29 05:00:00,-0.0345577760387565
2019-12-02 05:00:00,-0.0075987154635258
2019-12-03 05:00:00,0.0084757051556432
2019-12-04 05:00:00,-0.0032471530011146
2019-12-05 05:00:00,0.0164319132495269
2019-12-06 05:00:00,0.0
2019-12-09 05:00:00,0.0085308314472791
2019-12-10 05:00:00,0.0157023117570829
2019-12-11 05:00:00,0.030965572077175
2019-12-12 05:00:00,-0.0003571065223877
2019-12-13 05:00:00,0.0051788252976472
2019-12-16 05:00:00,0.013946198501221
2019-12-17 05:00:00,0.0053440108939446
2019-12-18 05:00:00,0.0259249744006309
2019-12-19 05:00:00,0.0166058855139359
2019-12-20 05:00:00,-0.0022977919845217
2019-12-23 05:00:00,-0.0008373465379382
2019-12-24 05:00:00,0.0023885861020143
2019-12-26 05:00:00,-0.0096994444051117
2019-12-27 05:00:00,-0.0192088649157845
2019-12-30 05:00:00,0.0128272627116776
2019-12-31 05:00:00,0.0195918542136199
2020-01-02 05:00:00,-0.0160058641004307
2020-01-03 05:00:00,0.0041936320477589
2020-01-06 05:00:00,0.0121067772174403
2020-01-07 05:00:00,0.0018755728177912
2020-01-08 05:00:00,0.0109822940313819
2020-01-09 05:00:00,0.005349437797838
2020-01-10 05:00:00,0.0313521332232595
2020-01-13 05:00:00,-0.0186518956980263
2020-01-14 05:00:00,-0.0069155033145889
2020-01-15 05:00:00,0.0136825304701104
2020-01-16 05:00:00,0.0014061314163402
2020-01-17 05:00:00,-0.0053755574323415
2020-01-21 05:00:00,0.0087519438355061
2020-01-22 05:00:00,0.0109953084049359
2020-01-23 05:00:00,-0.009412432280504
2020-01-24 05:00:00,-0.0410409478725325
2020-01-27 05:00:00,0.032348148758402
2020-01-28 05:00:00,-0.009799752912609
2020-01-29 05:00:00,0.0010997416356128
2020-01-30 05:00:00,-0.0381600124442277
2020-01-31 05:00:00,0.0164956300423366
2020-02-03 05:00:00,0.0282944159240083
2020-02-04 05:00:00,0.0146886703711583
2020-02-05 05:00:00,0.0139176734812334
2020-02-06 05:00:00,-0.0104622207421058
2020-02-07 05:00:00,0.0452324775973391
2020-02-10 05:00:00,0.0187091857265615
2020-02-11 05:00:00,0.0173579475834861
2020-02-12 05:00:00,-0.0064578640816279
2020-02-13 05:00:00,0.0702047149373132
2020-02-14 05:00:00,0.0233962438268762
2020-02-18 05:00:00,0.061132402973711
2020-02-19 05:00:00,-0.019065837860818
2020-02-20 05:00:00,-0.0473922967504873
2020-02-21 05:00:00,-0.0706975111677534
2020-02-24 05:00:00,-0.0410934004709503
2020-02-25 05:00:00,0.0213701608718102
2020-02-26 05:00:00,-0.0556657542529444
2020-02-27 05:00:00,0.0691608335161817
2020-02-28 05:00:00,0.0235493700347328
2020-03-02 05:00:00,-0.0381290104483847
2020-03-03 05:00:00,0.0700288691992128
2020-03-04 05:00:00,-0.0394361515214932
2020-03-05 05:00:00,-0.0265287207839335
2020-03-06 05:00:00,-0.0774316131897322
2020-03-09 04:00:00,0.0637220649419556
2020-03-10 04:00:00,-0.0559599276053484
2020-03-11 04:00:00,-0.1223678513520252
2020-03-12 04:00:00,0.1134021905111133
2020-03-13 04:00:00,-0.1845209066109454
2020-03-16 04:00:00,0.1062627443021431
2020-03-17 04:00:00,-0.0665070405582078
2020-03-18 04:00:00,0.0500445494698287
2020-03-19 04:00:00,-0.0339016388432044
2020-03-20 04:00:00,0.0337299661678647
2020-03-23 04:00:00,0.1715644669479605
2020-03-24 04:00:00,-0.0142869776292591
2020-03-25 04:00:00,0.0473091529852645
2020-03-26 04:00:00,-0.0175325183251072
2020-03-27 04:00:00,0.05088436481073
2020-03-30 04:00:00,-0.0074928165367896
2020-03-31 04:00:00,-0.0778830410741354
2020-04-01 04:00:00,0.0510142911185993
2020-04-02 04:00:00,-0.0452502811210669
2020-04-03 04:00:00,0.1004060414063334
2020-04-06 04:00:00,-0.0349105420036048
2020-04-07 04:00:00,0.030575451699691
2020-04-08 04:00:00,-0.0149839473843121
2020-04-09 04:00:00,0.026240966878305
2020-04-13 04:00:00,0.0522510745298228
2020-04-14 04:00:00,-0.0109527160504065
2020-04-15 04:00:00,0.0493519819570964
2020-04-16 04:00:00,-0.0080758880897799
2020-04-17 04:00:00,-0.0180282238073126
2020-04-20 04:00:00,-0.061104340355555
2020-04-21 04:00:00,0.0617415017616023
2020-04-22 04:00:00,-0.0074785277596444
2020-04-23 04:00:00,0.0196471576543886
2020-04-24 04:00:00,0.0258642825447346
2020-04-27 04:00:00,-0.019254190984422
2020-04-28 04:00:00,0.0243684604367677
2020-04-29 04:00:00,-0.0207060244104704
2020-04-30 04:00:00,-0.0325032151925033
2020-05-01 04:00:00,0.0300939671852478
2020-05-04 04:00:00,0.0084109175314568
2020-05-05 04:00:00,0.0137876047581546
2020-05-06 04:00:00,0.023775168151993
2020-05-07 04:00:00,0.0250270217859773
2020-05-08 04:00:00,0.0323842412813106
2020-05-11 04:00:00,-0.032608005472805
2020-05-12 04:00:00,-0.0028837859592976
2020-05-13 04:00:00,0.0321980128605521
2020-05-14 04:00:00,0.0573128362548631
2020-05-15 04:00:00,0.0305625733590486
2020-05-18 04:00:00,0.0063137595192117
2020-05-19 04:00:00,0.0186817661883165
2020-05-20 04:00:00,-0.0217112122554172
2020-05-21 04:00:00,0.0286030353751849
2020-05-22 04:00:00,-0.0341781069687912
2020-05-26 04:00:00,-0.0220813909247081
2020-05-27 04:00:00,-0.0044865566674103
2020-05-28 04:00:00,0.0457759783405831
2020-05-29 04:00:00,-0.0078026659459172
2020-06-01 04:00:00,0.0021576205453217
2020-06-02 04:00:00,-0.0063168330470689
2020-06-03 04:00:00,0.0001139601388393
2020-06-04 04:00:00,0.0175099883848122
2020-06-05 04:00:00,-0.0128927953458332
2020-06-08 04:00:00,0.0273710803197912
2020-06-09 04:00:00,0.0354575759319399
2020-06-10 04:00:00,-0.060906599645068
2020-06-11 04:00:00,0.0154892123416376
2020-06-12 04:00:00,0.0270082382201612
2020-06-15 04:00:00,-0.011472946999574
2020-06-16 04:00:00,0.018470374682995
2020-06-17 04:00:00,-0.0019488585212833
2020-06-18 04:00:00,0.0046919156680005
2020-06-19 04:00:00,0.02866790919103
2020-06-22 04:00:00,-0.0080559799765044
2020-06-23 04:00:00,-0.0226987476930068
2020-06-24 04:00:00,0.0275567252930595
2020-06-25 04:00:00,-0.0353002240102987
2020-06-26 04:00:00,0.0049153569081505
2020-06-29 04:00:00,0.0323638378248123
2020-06-30 04:00:00,0.0033955942904531
2020-07-01 04:00:00,0.0086308387728715
2020-07-02 04:00:00,0.0236157212647103
2020-07-06 04:00:00,0.0033029258000369
2020-07-07 04:00:00,0.0348722995768648
2020-07-08 04:00:00,0.0286805570710062
2020-07-09 04:00:00,-0.0028309386182621
2020-07-10 04:00:00,-0.0407472843330879
2020-07-13 04:00:00,0.0323063629470554
2020-07-14 04:00:00,-0.0144310092661115
2020-07-15 04:00:00,-0.009044405943146
2020-07-16 04:00:00,0.0065860138028726
2020-07-17 04:00:00,0.0303143819635201
2020-07-20 04:00:00,-0.0173393771497278
2020-07-21 04:00:00,0.0106741894146142
2020-07-22 04:00:00,-0.0296008354276926
2020-07-23 04:00:00,0.0063918495653125
2020-07-24 04:00:00,0.0222668352325148
2020-07-27 04:00:00,-0.0197670107715559
2020-07-28 04:00:00,0.0244727338972801
2020-07-29 04:00:00,0.0141893918705366
2020-07-30 04:00:00,7.07652199309905e-05
2020-07-31 04:00:00,0.0372595335865377
2020-08-03 04:00:00,0.019754231171823
2020-08-04 04:00:00,0.0052548602535948
2020-08-05 04:00:00,0.0043193816142965
2020-08-06 04:00:00,-0.0119978880880824
2020-08-07 04:00:00,-0.003080492902786
2020-08-10 04:00:00,-0.0282132282013506
2020-08-11 04:00:00,0.0544009610155358
2020-08-12 04:00:00,0.0002402865038104
2020-08-13 04:00:00,0.0105741635075844
2020-08-14 04:00:00,0.066845365349059
2020-08-17 04:00:00,-0.0061804218778356
2020-08-18 04:00:00,-0.0099708204038819
2020-08-19 04:00:00,0.0002058910051485
2020-08-20 04:00:00,0.0446833367273662
2020-08-21 04:00:00,0.0028974978726483
2020-08-24 04:00:00,0.0023386663591673
2020-08-25 04:00:00,0.001803845582353
2020-08-26 04:00:00,-0.0113322961375881
2020-08-27 04:00:00,0.041137802591979
2020-08-28 04:00:00,0.0172463367435595
2020-08-31 04:00:00,0.0336936229910993
2020-09-01 04:00:00,0.0380218723990555
2020-09-02 04:00:00,-0.0927751977719846
2020-09-03 04:00:00,-0.0301948103964923
2020-09-04 04:00:00,-0.0562091233828382
2020-09-08 04:00:00,0.0673214193377234
2020-09-09 04:00:00,-0.0317143437907597
2020-09-10 04:00:00,-0.0119602260698168
2020-09-11 04:00:00,0.058181444460468
2020-09-14 04:00:00,0.0092250899201788
2020-09-15 04:00:00,-0.0366789563075324
2020-09-16 04:00:00,-0.0040750711962288
2020-09-17 04:00:00,-0.0220044801599276
2020-09-18 04:00:00,0.0269089903490307
2020-09-21 04:00:00,0.0096265635504959
2020-09-22 04:00:00,-0.0406717168016848
2020-09-23 04:00:00,0.0184968495109825
2020-09-24 04:00:00,0.0425776587303521
2020-09-25 04:00:00,0.012525650538065
2020-09-28 04:00:00,0.0146334998659314
2020-09-29 04:00:00,0.0230422445489468
2020-09-30 04:00:00,0.0062081762678947
2020-10-01 04:00:00,-0.0405634153118817
2020-10-02 04:00:00,0.0444219209235485
2020-10-05 04:00:00,0.0068901123487261
2020-10-06 04:00:00,0.0165617544559169
2020-10-07 04:00:00,-0.0089695049708957
2020-10-08 04:00:00,-0.0054918447619008
2020-10-09 04:00:00,0.0336597123472184
2020-10-12 04:00:00,0.0015642311754016
2020-10-13 04:00:00,-0.0107382335869583
2020-10-14 04:00:00,-0.0088858474658166
2020-10-15 04:00:00,-0.0113458184992218
2020-10-16 04:00:00,-0.0227167143102903
2020-10-19 04:00:00,0.0109464594563528
2020-10-20 04:00:00,-0.0088492566561321
2020-10-21 04:00:00,-0.0121074036917496
2020-10-22 04:00:00,0.0171582914130363
2020-10-23 04:00:00,-0.0330384398927803
2020-10-26 04:00:00,0.0194425290966462
2020-10-27 04:00:00,-0.0574580118208861
2020-10-28 04:00:00,0.0314407031443051
2020-10-29 04:00:00,-0.0376227401263864
2020-10-30 04:00:00,0.0037298161306116
2020-11-02 05:00:00,0.0348745927475668
2020-11-03 05:00:00,0.0595069221159465
2020-11-04 05:00:00,0.0265146645397851
2020-11-05 05:00:00,0.0283898014555357
2020-11-06 05:00:00,-0.0639507222693379
2020-11-09 05:00:00,-0.0631477504534503
2020-11-10 05:00:00,0.0507438925041177
2020-11-11 05:00:00,0.0028878446264024
2020-11-12 05:00:00,-0.0118710377599297
2020-11-13 05:00:00,0.0164133948068623
2020-11-16 05:00:00,-0.0068810960947839
2020-11-17 05:00:00,0.0004841005432574
2020-11-18 05:00:00,0.000856684827027
2020-11-19 05:00:00,-0.0262274029894893
2020-11-20 05:00:00,0.0039923970073612
2020-11-23 05:00:00,-0.0138700702686653
2020-11-24 05:00:00,0.0213771752878475
2020-11-25 05:00:00,0.0020023581643089
2020-11-27 05:00:00,0.0105758909962578
2020-11-30 05:00:00,-0.0008579271253003
2020-12-01 05:00:00,0.0115383840575993
2020-12-02 05:00:00,-0.0106717408612732
2020-12-03 05:00:00,0.0121117986263306
2020-12-04 05:00:00,0.0035771577891292
2020-12-07 05:00:00,-0.0188691020088558
2020-12-08 05:00:00,-0.0314047189272822
2020-12-09 05:00:00,0.0032094237953197
2020-12-10 05:00:00,0.0031606034131215
2020-12-11 05:00:00,0.0227077062807157
2020-12-14 05:00:00,0.0038883688861226
2020-12-15 05:00:00,-0.0088318752273334
2020-12-16 05:00:00,0.0074569727681523
2020-12-17 05:00:00,-0.0051905696015265
2020-12-18 05:00:00,0.0045395886847046
2020-12-21 05:00:00,-0.0040504977787997
2020-12-22 05:00:00,-0.020258734053092
2020-12-23 05:00:00,-0.0011913008502508
2020-12-24 05:00:00,-0.0072150576575393
2020-12-28 05:00:00,0.0033527278932448
2020-12-29 05:00:00,0.015645226995979
2020-12-30 05:00:00,-0.0069033679069117
2020-12-31 05:00:00,0.0044809296249768
2021-01-04 05:00:00,0.0222099779807833
2021-01-05 05:00:00,-0.05895277032786
2021-01-06 05:00:00,0.057830146936141
2021-01-07 05:00:00,-0.0050399426021267
2021-01-08 05:00:00,0.0259666495584836
2021-01-11 05:00:00,-0.0100392987717555
2021-01-12 05:00:00,0.0034856049048792
2021-01-13 05:00:00,-0.0244981473218669
2021-01-14 05:00:00,-0.0258138902113531
2021-01-15 05:00:00,0.0128892665120745
2021-01-19 05:00:00,0.0261417707367543
2021-01-20 05:00:00,0.0375397314683245
2021-01-21 05:00:00,-0.0111770990625139
2021-01-22 05:00:00,-0.0043208857198565
2021-01-25 05:00:00,-0.0159668881811451
2021-01-26 05:00:00,-0.0385180757595632
2021-01-27 05:00:00,0.0103152233230376
2021-01-28 05:00:00,-0.0046931012759413
2021-01-29 05:00:00,0.0190342861997283
2021-02-01 05:00:00,0.0241555271039914
2021-02-02 05:00:00,-0.0019360224532614
2021-02-03 05:00:00,0.0098850437589641
2021-02-04 05:00:00,-0.0053608167773276
2021-02-05 05:00:00,0.0623758515549055
2021-02-08 05:00:00,-0.0121546865460069
2021-02-09 05:00:00,0.035125091572157
2021-02-10 05:00:00,0.0329513043375757
2021-02-11 05:00:00,-0.0189825847713828
2021-02-12 05:00:00,0.0246636007472691
2021-02-16 05:00:00,-0.0276741944840362
2021-02-17 05:00:00,-0.0051655803921314
2021-02-18 05:00:00,0.0065750909916553
2021-02-19 05:00:00,-0.0382374653166366
2021-02-22 05:00:00,-0.0148895285309026
2021-02-23 05:00:00,0.02524383945564
2021-02-24 05:00:00,-0.0821780057281297
2021-02-25 05:00:00,0.0305842342458546
2021-02-26 05:00:00,0.0092784995984511
2021-03-01 05:00:00,-0.0314626979423761
2021-03-02 05:00:00,-0.0448670442041875
2021-03-03 05:00:00,-0.03393297523644
2021-03-04 05:00:00,0.0073767298329807
2021-03-05 05:00:00,-0.069674692692336
2021-03-08 05:00:00,0.0803332587959539
2021-03-09 05:00:00,-0.0041532020548794
2021-03-10 05:00:00,0.0421268295345744
2021-03-11 05:00:00,-0.0105820950501507
2021-03-12 05:00:00,0.0260771971526461
2021-03-15 04:00:00,0.0075806117099794
2021-03-16 04:00:00,0.0037621128360549
2021-03-17 04:00:00,-0.046378724582387
2021-03-18 04:00:00,0.0096875232217519
2021-03-19 04:00:00,0.0265069190512894
2021-03-22 04:00:00,-0.0087591143512214
2021-03-23 04:00:00,-0.0327258049901082
2021-03-24 04:00:00,-0.0085225217119442
2021-03-25 04:00:00,0.024251568789418
2021-03-26 04:00:00,0.0084895640143622
2021-03-29 04:00:00,-0.005908009691894
2021-03-30 04:00:00,0.0370191144447131
2021-03-31 04:00:00,0.0347236007879809
2021-04-01 04:00:00,0.0127244316964734
2021-04-05 04:00:00,-0.0090080226826398
2021-04-06 04:00:00,0.0203443253988668
2021-04-07 04:00:00,0.0122672728964863
2021-04-08 04:00:00,0.005797273885153
2021-04-09 04:00:00,0.0561802847164694
2021-04-12 04:00:00,0.0309356034543824
2021-04-13 04:00:00,-0.025670236256745
2021-04-14 04:00:00,0.0563101790322297
2021-04-15 04:00:00,-0.0139275178598931
2021-04-16 04:00:00,-0.0346112681965536
2021-04-19 04:00:00,-0.0124009536945396
2021-04-20 04:00:00,0.0124743791290322
2021-04-21 04:00:00,-0.033218475347519
2021-04-22 04:00:00,0.0279457152591813
2021-04-23 04:00:00,0.0139369041062522
2021-04-26 04:00:00,-0.0062184152345274
2021-04-27 04:00:00,-0.0068262753868468
2021-04-28 04:00:00,0.0031419384393567
2021-04-29 04:00:00,-0.0205713414568345
2021-04-30 04:00:00,-0.0115093065750261
2021-05-03 04:00:00,-0.0327227898644706
2021-05-04 04:00:00,0.0074731043776747
2021-05-05 04:00:00,0.004461286940921
2021-05-06 04:00:00,0.0199165257547864
2021-05-07 04:00:00,-0.0368952616329497
2021-05-10 04:00:00,0.0028391956280235
2021-05-11 04:00:00,-0.0382876772922881
2021-05-12 04:00:00,-0.0067775533469437
2021-05-13 04:00:00,0.0422789759757036
2021-05-14 04:00:00,-0.0054414160514123
2021-05-17 04:00:00,-0.0105714919275764
2021-05-18 04:00:00,0.0035674372220122
2021-05-19 04:00:00,0.0388711118626061
2021-05-20 04:00:00,0.0259537668150169
2021-05-21 04:00:00,0.0413726926239077
2021-05-24 04:00:00,0.0022900546016468
2021-05-25 04:00:00,0.0033390501233832
2021-05-26 04:00:00,-0.013503301026109
2021-05-27 04:00:00,0.0488444598223229
2021-05-28 04:00:00,0.0012310521247005
2021-06-01 04:00:00,0.0315869145601219
2021-06-02 04:00:00,0.011414002432778
2021-06-03 04:00:00,0.0358580257373022
2021-06-04 04:00:00,0.0023180351136693
2021-06-07 04:00:00,-0.0091943803089887
2021-06-08 04:00:00,-0.0054291942672246
2021-06-09 04:00:00,0.0038454292060359
2021-06-10 04:00:00,0.0229699310678295
2021-06-11 04:00:00,0.0108554213573055
2021-06-14 04:00:00,-0.0127783099377425
2021-06-15 04:00:00,0.0012225825546774
2021-06-16 04:00:00,0.0475568172122773
2021-06-17 04:00:00,-0.0009913905663916
2021-06-18 04:00:00,-0.0113473402684343
2021-06-21 04:00:00,0.0249358242153998
2021-06-22 04:00:00,0.0090272274149039
2021-06-23 04:00:00,0.0077796007464565
2021-06-24 04:00:00,-0.0090861039119628
2021-06-25 04:00:00,0.0501289851178741
2021-06-28 04:00:00,0.0020889108397266
2021-06-29 04:00:00,-0.0012109725489664
2021-06-30 04:00:00,0.0104736421700053
2021-07-01 04:00:00,0.0136059137282464
2021-07-02 04:00:00,0.0103234452485607
2021-07-06 04:00:00,-0.0157859874220736
2021-07-07 04:00:00,-0.0230219951632689
2021-07-08 04:00:00,0.0074109814057048
2021-07-09 04:00:00,0.0230545336127661
2021-07-12 04:00:00,-0.0127971790389969
2021-07-13 04:00:00,-0.0201728717642942
2021-07-14 04:00:00,-0.0441118628011131
2021-07-15 04:00:00,-0.0424570890526682
2021-07-16 04:00:00,0.0340703044978996
2021-07-19 04:00:00,-0.0089326062724066
2021-07-20 04:00:00,0.042875566734488
2021-07-21 04:00:00,0.0094798952895358
2021-07-22 04:00:00,-0.0018377493360239
2021-07-23 04:00:00,-0.0134978622081263
2021-07-26 04:00:00,-0.0044576212434639
2021-07-27 04:00:00,0.0153582726227234
2021-07-28 04:00:00,0.0081525827129178
2021-07-29 04:00:00,-0.0082900249837168
2021-07-30 04:00:00,0.012872223806424
2021-08-02 04:00:00,0.0032912863947578
2021-08-03 04:00:00,0.0231641635668511
2021-08-04 04:00:00,0.0179047888055332
2021-08-05 04:00:00,-0.0131317649113898
2021-08-06 04:00:00,-0.0034863392039955
2021-08-09 04:00:00,-0.0176889543466772
2021-08-10 04:00:00,-0.0118879583511104
2021-08-11 04:00:00,0.0104573446025628
2021-08-12 04:00:00,0.0142174369626857
2021-08-13 04:00:00,-0.0117891778838826
2021-08-16 04:00:00,-0.0246613755528924
2021-08-17 04:00:00,-0.0214824713697698
2021-08-18 04:00:00,0.0398109360009144
2021-08-19 04:00:00,0.0514193533002165
2021-08-20 04:00:00,0.0548618536708096
2021-08-23 04:00:00,-0.0075144184127406
2021-08-24 04:00:00,0.0192719611913776
2021-08-25 04:00:00,-0.0065274851284118
2021-08-26 04:00:00,0.025738508711171
2021-08-27 04:00:00,0.002297294535857
2021-08-30 04:00:00,-0.0131809784670919
2021-08-31 04:00:00,0.0025015845132949
2021-09-01 04:00:00,-0.002005249569136
2021-09-02 04:00:00,0.0199589884267015
2021-09-03 04:00:00,-0.0079236792870893
2021-09-07 04:00:00,-0.0142529452525362
2021-09-08 04:00:00,-0.0072517570548462
2021-09-09 04:00:00,0.0135724501546248
2021-09-10 04:00:00,-0.0145030126154147
2021-09-13 04:00:00,0.004062820764332
2021-09-14 04:00:00,0.0044511566219429
2021-09-15 04:00:00,-0.0044314316257173
2021-09-16 04:00:00,-0.0153763167020489
2021-09-17 04:00:00,-0.0359362769523168
2021-09-20 04:00:00,0.0062997300361382
2021-09-21 04:00:00,0.0327117746251743
2021-09-22 04:00:00,0.0246571696192732
2021-09-23 04:00:00,-0.017836505064717
2021-09-24 04:00:00,-0.0190662334311698
2021-09-27 04:00:00,-0.044367374495368
2021-09-28 04:00:00,-0.0087927000139599
2021-09-29 04:00:00,0.0096990389914821
2021-09-30 04:00:00,0.0012552540180443
2021-10-01 04:00:00,-0.0486933236431932
2021-10-04 04:00:00,0.0364382327258583
2021-10-05 04:00:00,0.0121754458819958
2021-10-06 04:00:00,0.0181158617490861
2021-10-07 04:00:00,-0.0115776422567756
2021-10-08 04:00:00,-0.0065288614464154
2021-10-11 04:00:00,-0.0011596585111344
2021-10-12 04:00:00,0.0129650167540458
2021-10-13 04:00:00,0.0385406117592768
2021-10-14 04:00:00,0.0053341209826129
2021-10-15 04:00:00,0.016467209291429
2021-10-18 04:00:00,0.0030599194157869
2021-10-19 04:00:00,-0.0083893870408657
2021-10-20 04:00:00,0.0266479298387471
2021-10-21 04:00:00,0.0014982290326468
2021-10-22 04:00:00,0.0193611417741406
2021-10-25 04:00:00,0.0669514755262477
2021-10-26 04:00:00,-0.0107617834024567
2021-10-27 04:00:00,0.0200401768016877
2021-10-28 04:00:00,0.0250992061743713
2021-10-29 04:00:00,0.0101694393290328
2021-11-01 04:00:00,0.0222246262302001
2021-11-02 04:00:00,0.0074618406230642
2021-11-03 04:00:00,0.1204226411645543
2021-11-04 04:00:00,-0.0016442287794287
2021-11-05 04:00:00,0.0353591661310161
2021-11-08 05:00:00,-0.0047723217744968
2021-11-09 05:00:00,-0.0390774632983529
2021-11-10 05:00:00,0.0316032197252282
2021-11-11 05:00:00,0.0
2021-11-12 05:00:00,-0.0120105195884604
2021-11-15 05:00:00,0.0059282738691948
2021-11-16 05:00:00,-0.0311888101268705
2021-11-17 05:00:00,0.082498871916973
2021-11-18 05:00:00,0.0413577592240244
2021-11-19 05:00:00,-0.0311962377817419
2021-11-22 05:00:00,-0.0065716868176707
2021-11-23 05:00:00,0.0292319994114989
2021-11-24 05:00:00,-0.0358387290240099
2021-11-26 05:00:00,0.0594547946466934
2021-11-29 05:00:00,-0.0209733663921575
2021-11-30 05:00:00,-0.0378609986212692
2021-12-01 05:00:00,0.0219815556209619
2021-12-02 05:00:00,-0.0446053767319162
2021-12-03 05:00:00,-0.0213729232891688
2021-12-06 05:00:00,0.079568536976774
2021-12-07 05:00:00,-0.0185339290470544
2021-12-08 05:00:00,-0.0419784412411035
2021-12-09 05:00:00,-0.009576834303883
2021-12-10 05:00:00,-0.0674547187291205
2021-12-13 05:00:00,0.0062496687889279
2021-12-14 05:00:00,0.0748845255388412
2021-12-15 05:00:00,-0.0680258716954617
2021-12-16 05:00:00,-0.0206431754108514
2021-12-17 05:00:00,-0.0029497190976097
2021-12-20 05:00:00,0.0489197564693766
2021-12-21 05:00:00,0.0111779716873965
2021-12-22 05:00:00,0.0081630095739033
2021-12-23 05:00:00,0.044028503077828
2021-12-27 05:00:00,-0.0201324643984948
2021-12-28 05:00:00,-0.0105863791571024
2021-12-29 05:00:00,-0.0138328592299591
2021-12-30 05:00:00,-0.0059150708591064
2021-12-31 05:00:00,0.0241407310125829
2022-01-03 05:00:00,-0.0275887418089876
2022-01-04 05:00:00,-0.0575624734806395
2022-01-05 05:00:00,0.0207942194984078
2022-01-06 05:00:00,-0.0330400271196977
2022-01-07 05:00:00,0.005615441425999
2022-01-10 05:00:00,0.0152188474701564
2022-01-11 05:00:00,0.0065428578553003
2022-01-12 05:00:00,-0.050858808496751
2022-01-13 05:00:00,0.0138097383893687
2022-01-14 05:00:00,-0.0385643261596027
2022-01-18 05:00:00,-0.0322742269893818
2022-01-19 05:00:00,-0.036581933694902
2022-01-20 05:00:00,-0.0321325518898931
2022-01-21 05:00:00,-8.559246622807937e-05
2022-01-24 05:00:00,-0.0448399839821284
2022-01-25 05:00:00,0.0200680739389285
2022-01-26 05:00:00,-0.0363603012686222
2022-01-27 05:00:00,0.0408311723595047
2022-01-28 05:00:00,0.0720666220137229
2022-01-31 05:00:00,0.0062075802150607
2022-02-01 05:00:00,0.0245149655894862
2022-02-02 05:00:00,-0.051263923950785
2022-02-03 05:00:00,0.0154921770330709
2022-02-04 05:00:00,0.016817950776373
2022-02-07 05:00:00,0.0153673856798148
2022-02-08 05:00:00,0.063605078506622
2022-02-09 05:00:00,-0.0329900495205647
2022-02-10 05:00:00,-0.0726070682920161
2022-02-11 05:00:00,0.0132783863786873
2022-02-14 05:00:00,0.0918120884850866
2022-02-15 05:00:00,0.0006036474150981
2022-02-16 05:00:00,-0.0755912464105728
2022-02-17 05:00:00,-0.0352959586742507
2022-02-18 05:00:00,-0.0106590841291013
2022-02-22 05:00:00,-0.0428814130628183
2022-02-23 05:00:00,0.0607940161782443
2022-02-24 05:00:00,0.0172225690613803
2022-02-25 05:00:00,0.0094384224841412
2022-02-28 05:00:00,-0.0372362854237013
2022-03-01 05:00:00,0.0318239350912117
2022-03-02 05:00:00,-0.0208916183551918
2022-03-03 05:00:00,-0.032807822735199
2022-03-04 05:00:00,-0.0690618432279113
2022-03-07 05:00:00,0.0075873454705925
2022-03-08 05:00:00,0.0697218323285886
2022-03-09 05:00:00,-0.015468655791112
2022-03-10 05:00:00,-0.0246272650549959
2022-03-11 05:00:00,-0.0348416257125812
2022-03-14 04:00:00,0.0770278793837018
2022-03-15 04:00:00,0.0662951276714136
2022-03-16 04:00:00,0.01102213036442
2022-03-17 04:00:00,0.0681175674934484
2022-03-18 04:00:00,0.0106226409398295
2022-03-21 04:00:00,-0.0078551190123637
2022-03-22 04:00:00,-0.0335545351412673
2022-03-23 04:00:00,0.0981508792609955
2022-03-24 04:00:00,-0.0162700261850992
2022-03-25 04:00:00,0.019030872588051
2022-03-28 04:00:00,0.0154859184733087
2022-03-29 04:00:00,-0.0337102982595388
2022-03-30 04:00:00,-0.0145899302296923
2022-03-31 04:00:00,-0.0210364751733254
2022-04-01 04:00:00,0.0242588626680979
2022-04-04 04:00:00,-0.0522296469925769
2022-04-05 04:00:00,-0.058771401163793
2022-04-06 04:00:00,-0.0081533199886905
2022-04-07 04:00:00,-0.0449852276899289
2022-04-08 04:00:00,-0.0519917534060833
2022-04-11 04:00:00,-0.0188439626619748
2022-04-12 04:00:00,0.03250557563482
2022-04-13 04:00:00,-0.0425616533986326
2022-04-14 04:00:00,0.0246966161042569
2022-04-18 04:00:00,0.0190515349194233
2022-04-19 04:00:00,-0.0322552187697897
2022-04-20 04:00:00,-0.0604691948839196
2022-04-21 04:00:00,-0.0330972536569159
2022-04-22 04:00:00,0.0198308633842421
2022-04-25 04:00:00,-0.0559742509153419
2022-04-26 04:00:00,-0.0198529497750419
2022-04-27 04:00:00,0.0742330492736662
2022-04-28 04:00:00,-0.0624305424035276
2022-04-29 04:00:00,0.0531622041897374
2022-05-02 04:00:00,0.0035324705404122
2022-05-03 04:00:00,0.0373432206751538
2022-05-04 04:00:00,-0.0732762719119729
2022-05-05 04:00:00,-0.0089685380319848
2022-05-06 04:00:00,-0.0923692486548979
2022-05-09 04:00:00,0.0380527159127899
2022-05-10 04:00:00,-0.0548449815258232
2022-05-11 04:00:00,-0.0273602962877523
2022-05-12 04:00:00,0.0946524436200568
2022-05-13 04:00:00,-0.0249634375855793
2022-05-16 04:00:00,0.0528846792292472
2022-05-17 04:00:00,-0.068163264662619
2022-05-18 04:00:00,0.0109817326798953
2022-05-19 04:00:00,-0.0251114460156793
2022-05-20 04:00:00,0.0122201764978928
2022-05-23 04:00:00,-0.0440287545614433
2022-05-24 04:00:00,0.0508231284688782
2022-05-25 04:00:00,0.0516050989235787
2022-05-26 04:00:00,0.0537788029826169
2022-05-27 04:00:00,-0.0073894269758721
2022-05-31 04:00:00,-0.0188519009574824
2022-06-01 04:00:00,0.0694325385552667
2022-06-02 04:00:00,-0.0445080477239778
2022-06-03 04:00:00,0.0035255532960174
2022-06-06 04:00:00,0.0074525524084338
2022-06-07 04:00:00,-0.0144806006043838
2022-06-08 04:00:00,-0.0321749646798436
2022-06-09 04:00:00,-0.0595079545165906
2022-06-10 04:00:00,-0.0781784416402238
2022-06-13 04:00:00,0.0120790908622032
2022-06-14 04:00:00,0.0436347333254047
2022-06-15 04:00:00,-0.0560295972447961
2022-06-16 04:00:00,0.0178835733967053
2022-06-17 04:00:00,0.0431989890423658
2022-06-21 04:00:00,-0.0124351351834375
2022-06-22 04:00:00,-0.0082517250151984
2022-06-23 04:00:00,0.0555316899373121
2022-06-24 04:00:00,-0.0150067616362881
2022-06-27 04:00:00,-0.0525814830004595
2022-06-28 04:00:00,-0.0275310376280818
2022-06-29 04:00:00,-0.0246430176580397
2022-06-30 04:00:00,-0.0419552324131611
2022-07-01 04:00:00,0.0303656987427707
2022-07-05 04:00:00,0.0110932973540824
2022-07-06 04:00:00,0.0481163390996763
2022-07-07 04:00:00,-0.0012611140189806
2022-07-08 04:00:00,-0.043313544299378
2022-07-11 04:00:00,-0.0046198772907141
2022-07-12 04:00:00,0.0054368568080551
2022-07-13 04:00:00,0.0137167825849873
2022-07-14 04:00:00,0.0253707031297081
2022-07-15 04:00:00,0.0215075902298664
2022-07-18 04:00:00,0.0553379640290065
2022-07-19 04:00:00,0.0479637233866641
2022-07-20 04:00:00,0.013646269238839
2022-07-21 04:00:00,-0.0404984631365474
2022-07-22 04:00:00,-0.0170332957798361
2022-07-25 04:00:00,-0.0288417898973175
2022-07-26 04:00:00,0.0760300278421968
2022-07-27 04:00:00,0.0109048547025065
2022-07-28 04:00:00,0.0099533584685382
2022-07-29 04:00:00,0.0153058278815265
2022-08-01 04:00:00,0.0046090572148504
2022-08-02 04:00:00,0.0198100478123082
2022-08-03 04:00:00,0.017043597964393
2022-08-04 04:00:00,-0.0117618008677011
2022-08-05 04:00:00,-0.0629838118793356
2022-08-08 04:00:00,-0.0397346535814133
2022-08-09 04:00:00,0.0591712854057682
2022-08-10 04:00:00,-0.0085648930472873
2022-08-11 04:00:00,0.042748780584138
2022-08-12 04:00:00,0.0172644070676044
2022-08-15 04:00:00,-0.0080391397846442
2022-08-16 04:00:00,-0.0288152018014168
2022-08-17 04:00:00,0.0238890139601393
2022-08-18 04:00:00,-0.0492196856765316
2022-08-19 04:00:00,-0.045660791362826
2022-08-22 04:00:00,0.0086296497847746
2022-08-23 04:00:00,0.0023862631113007
2022-08-24 04:00:00,0.0401231949181708
2022-08-25 04:00:00,-0.0922791674126467
2022-08-26 04:00:00,-0.0282289464672848
2022-08-29 04:00:00,-0.0210745034477539
2022-08-30 04:00:00,-0.0241790988930423
2022-08-31 04:00:00,-0.0766528553299813
2022-09-01 04:00:00,-0.0208079172449993
2022-09-02 04:00:00,-0.0133362669957521
2022-09-06 04:00:00,0.0187948001027042
2022-09-07 04:00:00,0.0201254925342126
2022-09-08 04:00:00,0.0283774432190435
2022-09-09 04:00:00,0.0082019514873601
2022-09-12 04:00:00,-0.0947261032157222
2022-09-13 04:00:00,-0.0002283121125464
2022-09-14 04:00:00,-0.015158440789986
2022-09-15 04:00:00,0.0208059130667241
2022-09-16 04:00:00,0.0139414823357033
2022-09-19 04:00:00,-0.0153937686626052
2022-09-20 04:00:00,0.0064510486305415
2022-09-21 04:00:00,-0.0527863861459027
2022-09-22 04:00:00,-0.0035824449177526
2022-09-23 04:00:00,-0.0230105070055858
2022-09-26 04:00:00,0.0151289996255268
2022-09-27 04:00:00,0.0260212108434634
2022-09-28 04:00:00,-0.040515046040336
2022-09-29 04:00:00,-0.0066283593396456
2022-09-30 04:00:00,0.0307273620768362
2022-10-03 04:00:00,0.0523496809827925
2022-10-04 04:00:00,0.0031897328728336
2022-10-05 04:00:00,-0.0059807157299505
2022-10-06 04:00:00,-0.0802741000855361
2022-10-07 04:00:00,-0.0336205617228738
2022-10-10 04:00:00,-0.0071978909072701
2022-10-11 04:00:00,-0.007422801015286
2022-10-12 04:00:00,0.0400001427998333
2022-10-13 04:00:00,-0.0612876075898166
2022-10-14 04:00:00,0.0588755750963101
2022-10-17 04:00:00,0.0066456181133209
2022-10-18 04:00:00,0.007019251221362
2022-10-19 04:00:00,0.0118663244793568
2022-10-20 04:00:00,0.022305934998696
2022-10-21 04:00:00,0.0106691651224919
2022-10-24 04:00:00,0.0525437406661355
2022-10-25 04:00:00,-0.0275243546039841
2022-10-26 04:00:00,0.0217122715161133
2022-10-27 04:00:00,0.0499392872745592
2022-10-28 04:00:00,-0.0243602724776045
2022-10-31 04:00:00,0.003408353373143
2022-11-01 04:00:00,-0.0239239988474845
2022-11-02 04:00:00,0.0152810265798999
2022-11-03 04:00:00,0.0547648533340769
2022-11-04 04:00:00,0.0102430991730102
2022-11-07 05:00:00,0.021047450832311
2022-11-08 05:00:00,-0.0565677088932008
2022-11-09 05:00:00,0.1432927837170754
2022-11-10 05:00:00,0.0366347756547815
2022-11-11 05:00:00,-0.0019597067176561
2022-11-14 05:00:00,0.0227676723146403
2022-11-15 05:00:00,-0.0453618217943119
2022-11-16 05:00:00,-0.0146448896752925
2022-11-17 05:00:00,-0.0170951086516303
2022-11-18 05:00:00,-0.0059704954988306
2022-11-21 05:00:00,0.0470720243530518
2022-11-22 05:00:00,0.0299910131259795
2022-11-23 05:00:00,-0.0150733896764325
2022-11-25 05:00:00,-0.0272282053060586
2022-11-28 05:00:00,-0.0118783258392392
2022-11-29 05:00:00,0.0823792488439814
2022-11-30 05:00:00,0.012527403801573
2022-12-01 05:00:00,-0.0151153720986793
2022-12-02 05:00:00,-0.0157620577134048
2022-12-05 05:00:00,-0.03750737441598
2022-12-06 05:00:00,0.0083193332401121
2022-12-07 05:00:00,0.0650743520442518
2022-12-08 05:00:00,-0.0097851705680553
2022-12-09 05:00:00,0.0314100134029471
2022-12-12 05:00:00,0.0306245050475622
2022-12-13 05:00:00,-0.0220231956435095
2022-12-14 05:00:00,-0.0408508888926333
2022-12-15 05:00:00,-0.0224752999407533
2022-12-16 05:00:00,-0.0191298417328513
2022-12-19 05:00:00,-0.0103974438961321
2022-12-20 05:00:00,0.0258627135465117
2022-12-21 05:00:00,-0.0704200209334244
2022-12-22 05:00:00,-0.0086706623134965
2022-12-23 05:00:00,-0.0713533786728164
2022-12-27 05:00:00,-0.0060194167932063
2022-12-28 05:00:00,0.0403960844739745
2022-12-29 05:00:00,0.0007532638601464
2022-12-30 05:00:00,-0.0204598478930496
2023-01-03 05:00:00,0.0303178615184844
2023-01-04 05:00:00,-0.0328158459075602
2023-01-05 05:00:00,0.0416405173998377
2023-01-06 05:00:00,0.0517531560766479
2023-01-09 05:00:00,0.0179805972090063
2023-01-10 05:00:00,0.0057826905914941
2023-01-11 05:00:00,0.0318732006145305
2023-01-12 05:00:00,0.0234993580636091
2023-01-13 05:00:00,0.0475177907459878
2023-01-17 05:00:00,-0.0183596911580816
2023-01-18 05:00:00,-0.035218936944635
2023-01-19 05:00:00,0.0640620085762937
2023-01-20 05:00:00,0.0759011723194054
2023-01-23 05:00:00,0.0037512471748031
2023-01-24 05:00:00,0.0030109686063539
2023-01-25 05:00:00,0.0247889164618781
2023-01-26 05:00:00,0.0284313745338617
2023-01-27 05:00:00,-0.0590719111121277
2023-01-30 05:00:00,0.0195699440218286
2023-01-31 05:00:00,0.0719661885082711
2023-02-01 05:00:00,0.0365753777911552
2023-02-02 05:00:00,-0.0280529843488112
2023-02-03 05:00:00,-0.0005212324174533
2023-02-06 05:00:00,0.0514012541086221
2023-02-07 05:00:00,0.0014431694142447
2023-02-08 05:00:00,0.0059445594007159
2023-02-09 05:00:00,-0.04799198674942
2023-02-10 05:00:00,0.0245942125941414
2023-02-13 05:00:00,0.0542960460757129
2023-02-14 05:00:00,-0.0090114258417297
2023-02-15 05:00:00,-0.0334737693441253
2023-02-16 05:00:00,-0.0279065566312811
2023-02-17 05:00:00,-0.0342716579815938
2023-02-21 05:00:00,0.0047929900233381
2023-02-22 05:00:00,0.1402137478223843
2023-02-23 05:00:00,-0.0159734037446765
2023-02-24 05:00:00,0.0092329489557398
2023-02-27 05:00:00,-0.0121270323042833
2023-02-28 05:00:00,-0.0223121979241777
2023-03-01 05:00:00,0.0271387360561277
2023-03-02 05:00:00,0.0247062963008151
2023-03-03 05:00:00,-0.0140645172219915
2023-03-06 05:00:00,-0.0111251228004027
2023-03-07 05:00:00,0.0383458592386365
2023-03-08 05:00:00,-0.0308093174516722
2023-03-09 05:00:00,-0.0200972668557577
2023-03-10 05:00:00,4.355189291160855e-05
2023-03-13 04:00:00,0.0477662010141497
2023-03-14 04:00:00,0.0068570505719178
2023-03-15 04:00:00,0.0541935272431397
2023-03-16 04:00:00,0.0072040516485043
2023-03-17 04:00:00,0.0068027594488313
2023-03-20 04:00:00,0.0115443651347189
2023-03-21 04:00:00,0.0102675566498005
2023-03-22 04:00:00,0.0273159400975777
2023-03-23 04:00:00,-0.0151521107603769
2023-03-24 04:00:00,-0.009260774550208
2023-03-27 04:00:00,-0.0045608264754267
2023-03-28 04:00:00,0.0217341122009342
2023-03-29 04:00:00,0.0147866391289603
2023-03-30 04:00:00,0.0143885543999469
2023-03-31 04:00:00,0.0067680976556492
2023-04-03 04:00:00,-0.0183086277009769
2023-04-04 04:00:00,-0.0208355915067972
2023-04-05 04:00:00,0.0058034858406363
2023-04-06 04:00:00,0.0200466050386758
2023-04-10 04:00:00,-0.0148664069200313
2023-04-11 04:00:00,-0.0248077369997838
2023-04-12 04:00:00,-0.0012077633138345
2023-04-13 04:00:00,0.0111476510909411
2023-04-14 04:00:00,0.0091188131383384
2023-04-17 04:00:00,0.0246278007062445
2023-04-18 04:00:00,0.0095419431287469
2023-04-19 04:00:00,-0.0296087018114149
2023-04-20 04:00:00,0.0005535175405906
2023-04-21 04:00:00,-0.0028393958538148
2023-04-24 04:00:00,-0.0296205217393759
2023-04-25 04:00:00,0.027247391939952
2023-04-26 04:00:00,0.0100163893867921
2023-04-27 04:00:00,0.0192096739128988
2023-04-28 04:00:00,0.0418391970624878
2023-05-01 04:00:00,-0.0242131449200353
2023-05-02 04:00:00,-0.0144629013437361
2023-05-03 04:00:00,-0.0086324229874905
2023-05-04 04:00:00,0.0405631007382594
2023-05-05 04:00:00,0.0164224441489819
2023-05-08 04:00:00,-0.0198964310974378
2023-05-09 04:00:00,0.010990289116554
2023-05-10 04:00:00,-0.0106283022225535
2023-05-11 04:00:00,-0.0083281576779687
2023-05-12 04:00:00,0.021630161331287
2023-05-15 04:00:00,0.0089800751595181
2023-05-16 04:00:00,0.0330332771186658
2023-05-17 04:00:00,0.0497051471051439
2023-05-18 04:00:00,-0.0130690489251203
2023-05-19 04:00:00,-0.0028147879882517
2023-05-22 04:00:00,-0.0156530836487237
2023-05-23 04:00:00,-0.0048877986340161
2023-05-24 04:00:00,0.2436964211659265
2023-05-25 04:00:00,0.0254343191835786
2023-05-26 04:00:00,0.029913277871032
2023-05-30 04:00:00,-0.0567674638518119
2023-05-31 04:00:00,0.0511708856704344
2023-06-01 04:00:00,-0.0111391107889754
2023-06-02 04:00:00,-0.0039666353780313
2023-06-05 04:00:00,-0.0131984337689671
2023-06-06 04:00:00,-0.0304012508448852
2023-06-07 04:00:00,0.0276183961301326
2023-06-08 04:00:00,0.0067516401102356
2023-06-09 04:00:00,0.0183646410732696
2023-06-12 04:00:00,0.0390049735082664
2023-06-13 04:00:00,0.0481450920140364
2023-06-14 04:00:00,-0.0080005511131724
2023-06-15 04:00:00,0.0009143259492809
2023-06-16 04:00:00,0.026140658616349
2023-06-20 04:00:00,-0.0174168360715629
2023-06-21 04:00:00,-0.0004645718928772
